BMI,rs104894319,rs121909242,rs121909243,rs121909245,rs121909246,rs121918111,rs121918112,rs17848368,rs1800571,rs28936407,rs397518476,rs397518477,rs72551362,rs72551363,rs72551364,rs74315349,rs74315350,rs781244602,rs587776687,rs587776797,rs753856820,rs770557781,rs3733402,rs1553400259,rs1554203715,rs1554278189,rs1554278331,rs17782313,rs6265,rs9939609
H,HM,HT,HM,HM,HT,NS,HM,NS,NS,HM,HT,HM,HM,HM,NS,HT,HT,NS,HM,HT,NS,HM,HT,HM,HM,HT,NS,HM,HT,NS
H,NS,HM,HM,HM,HT,NS,HM,HT,NS,HM,HT,HM,HM,HM,HT,HM,HT,NS,HM,HT,HT,HM,HT,NS,HM,NS,HT,HM,HM,NS
H,HM,HM,NS,HT,HT,NS,HM,HT,HT,HM,NS,HM,HM,HM,HT,HM,NS,HT,HM,HM,HT,HM,HT,NS,HT,NS,HT,HT,HM,HT
H,HM,HM,HM,HM,NS,NS,NS,NS,HT,HT,HT,HT,HT,NS,NS,HT,HT,HT,HM,HM,NS,NS,HM,HT,HM,HT,NS,HM,HT,HT
H,HM,HM,HM,HT,HT,HT,HM,HT,HT,HM,NS,HM,HM,HM,HT,HM,HT,NS,HT,HT,HT,HT,HT,NS,HM,NS,HT,HM,HM,NS
N,HT,HT,HT,HM,NS,HT,HM,NS,HT,NS,NS,NS,HM,HT,HT,NS,HT,NS,HM,HT,HT,HM,HT,NS,HT,NS,HT,HM,HM,NS
N,HT,HM,HT,HT,NS,HT,HT,NS,HT,NS,NS,NS,HM,HT,HM,NS,NS,HT,HT,HM,HT,HM,HT,HT,HT,NS,NS,HT,HT,HM
N,HM,HT,HT,HT,HT,HT,HT,NS,HT,HM,HT,NS,HT,HT,HT,HT,NS,NS,HT,HM,HM,HT,NS,HT,HT,NS,HM,HT,NS,NS
N,HT,HT,HT,NS,HT,HT,NS,NS,HT,NS,HT,NS,HT,NS,HT,HT,HT,HT,HT,HT,HM,HT,NS,HT,NS,HT,NS,HM,NS,NS
N,HT,HT,NS,HT,NS,NS,HT,HT,HT,NS,HT,NS,HT,HT,HM,NS,NS,NS,NS,HM,HT,HM,HT,NS,HT,NS,HT,HM,HT,HT
