Year,Month_numeric,Day,Season,Tmax ,Tmin ,Frost_days,Rain,Sun,Date
1957,1,1,Winter,8.7,2.7,5,39.5,53,01/01/1957
1957,2,1,Winter,9,2.9,5,69.8,64.9,01/02/1957
1957,3,1,Spring,13.9,5.7,2,25.4,96.7,01/03/1957
1957,4,1,Spring,14.2,5.2,1,5.7,169.6,01/04/1957
1957,5,1,Spring,16.2,6.5,0,21.3,195,01/05/1957
1957,6,1,Summer,23.6,10.7,0,22.4,284.5,01/06/1957
1957,7,1,Summer,22.5,13.8,0,87,152.3,01/07/1957
1957,8,1,Summer,21.1,12.5,0,86.2,154.4,01/08/1957
1957,9,1,Autumn,17.6,10.1,0,51.7,88.5,01/09/1957
1957,10,1,Autumn,15.5,7.7,0,47,85.9,01/10/1957
1957,11,1,Autumn,9.4,4.3,2,59.5,67.5,01/11/1957
1957,12,1,Winter,7.6,1,11,42.1,40.8,01/12/1957
1958,1,1,Winter,6.8,0.9,10,64.3,40.1,01/01/1958
1958,2,1,Winter,8.9,1.9,10,58.7,45.7,01/02/1958
1958,3,1,Spring,8.1,1.1,10,26,105.2,01/03/1958
1958,4,1,Spring,12.3,3.8,3,29.5,153.2,01/04/1958
1958,5,1,Spring,17.3,7.8,0,59.5,189.2,01/05/1958
1958,6,1,Summer,19.4,10.7,0,104.3,152.2,01/06/1958
1958,7,1,Summer,21.7,12.9,0,51.9,190.5,01/07/1958
1958,8,1,Summer,20.8,13.1,0,75.2,103.1,01/08/1958
1958,9,1,Autumn,20,12.1,0,83.8,134.8,01/09/1958
1958,10,1,Autumn,14.9,8.3,0,50.7,94.2,01/10/1958
1958,11,1,Autumn,9.7,4.4,1,50.7,40.8,01/11/1958
1958,12,1,Winter,8,2.7,2,85.1,29.6,01/12/1958
1959,1,1,Winter,5.7,-1.1,23,54.8,76.2,01/01/1959
1959,2,1,Winter,7.4,1.2,7,2.4,54.8,01/02/1959
1959,3,1,Spring,11.9,4.4,0,43.8,103.9,01/03/1959
1959,4,1,Spring,14.2,6.3,0,52.9,139.1,01/04/1959
1959,5,1,Spring,18.7,8,0,21.9,221.4,01/05/1959
1959,6,1,Summer,22.1,11.1,0,16.2,231.6,01/06/1959
1959,7,1,Summer,24.7,13.3,0,86.5,276.9,01/07/1959
1959,8,1,Summer,24.2,13.7,0,27.6,240,01/08/1959
1959,9,1,Autumn,22.7,10.6,0,5.1,209.2,01/09/1959
1959,10,1,Autumn,17.8,8.5,0,46.9,150.1,01/10/1959
1959,11,1,Autumn,10.8,3.5,6,53.5,53,01/11/1959
1959,12,1,Winter,9.3,3,1,75.7,30.2,01/12/1959
1960,1,1,Winter,6.9,1.8,12,47.9,34.4,01/01/1960
1960,2,1,Winter,7.9,1.6,7,48,80.1,01/02/1960
1960,3,1,Spring,10.2,4.5,0,33.9,65,01/03/1960
1960,4,1,Spring,14.3,4.6,1,12.4,156.1,01/04/1960
1960,5,1,Spring,18.4,9.3,0,45.6,181.7,01/05/1960
1960,6,1,Summer,22.1,12.1,0,42.8,248.6,01/06/1960
1960,7,1,Summer,20.1,12.4,0,67.2,139.7,01/07/1960
1960,8,1,Summer,20.3,11.8,0,60.8,150.9,01/08/1960
1960,9,1,Autumn,18.5,10.5,0,75.3,128.4,01/09/1960
1960,10,1,Autumn,14.2,8.2,0,155.5,75.2,01/10/1960
1960,11,1,Autumn,11.2,4.5,4,89.5,69.4,01/11/1960
1960,12,1,Winter,6.9,2.1,5,56.5,44.5,01/12/1960
1961,1,1,Winter,6.9,1.2,11,64.4,45.8,01/01/1961
1961,2,1,Winter,10.3,4.9,0,55.1,56,01/02/1961
1961,3,1,Spring,13.9,2.9,4,5.7,166.7,01/03/1961
1961,4,1,Spring,15,7.1,0,50.8,73.5,01/04/1961
1961,5,1,Spring,16.8,7.4,0,17.2,217.2,01/05/1961
1961,6,1,Summer,21.7,10.5,0,29.2,229.3,01/06/1961
1961,7,1,Summer,22.1,12.1,0,26.2,180,01/07/1961
1961,8,1,Summer,21.7,12.6,0,47.6,158.8,01/08/1961
1961,9,1,Autumn,20.9,12,0,64.7,125.4,01/09/1961
1961,10,1,Autumn,15.6,7.6,1,56.8,117.2,01/10/1961
1961,11,1,Autumn,9.9,3.5,7,52.5,55.6,01/11/1961
1961,12,1,Winter,6.8,0.2,17,88.6,46.2,01/12/1961
1962,1,1,Winter,7.9,1.2,7,76.1,67.1,01/01/1962
1962,2,1,Winter,7.6,1.4,7,12.6,67.1,01/02/1962
1962,3,1,Spring,7.4,-0.6,16,35.8,111.4,01/03/1962
1962,4,1,Spring,12.7,4.7,0,41.8,142.7,01/04/1962
1962,5,1,Spring,15,7.1,0,29.6,157.9,01/05/1962
1962,6,1,Summer,20.4,9.4,0,6.1,260.5,01/06/1962
1962,7,1,Summer,20.6,12.1,0,82.8,135,01/07/1962
1962,8,1,Summer,20,11.6,0,52.9,173.6,01/08/1962
1962,9,1,Autumn,17.8,9.6,0,88.4,152,01/09/1962
1962,10,1,Autumn,15.7,7.1,1,37.6,114.4,01/10/1962
1962,11,1,Autumn,9.1,3.2,8,41.7,33.6,01/11/1962
1962,12,1,Winter,5,-1.1,22,52.8,64.1,01/12/1962
1963,1,1,Winter,0.8,-4.6,28,12.9,38.4,01/01/1963
1963,2,1,Winter,2.8,-2.2,24,6.6,72.2,01/02/1963
1963,3,1,Spring,10.7,3,7,68.2,95.9,01/03/1963
1963,4,1,Spring,13.6,5.7,1,52.1,123.2,01/04/1963
1963,5,1,Spring,16,6.9,0,33.7,195.6,01/05/1963
1963,6,1,Summer,20.8,11.3,0,48.3,193.4,01/06/1963
1963,7,1,Summer,21.1,11.9,0,28.1,196.2,01/07/1963
1963,8,1,Summer,19.8,11.7,0,53.4,138.6,01/08/1963
1963,9,1,Autumn,18,10.1,0,49,120.9,01/09/1963
1963,10,1,Autumn,14.8,8.2,0,34.7,85.4,01/10/1963
1963,11,1,Autumn,11.8,6,1,118.8,59.3,01/11/1963
1963,12,1,Winter,5.4,0,16,16.1,44.1,01/12/1963
1964,1,1,Winter,5.8,0.4,9,17.8,37.4,01/01/1964
1964,2,1,Winter,7.6,2,7,16.8,59.2,01/02/1964
1964,3,1,Spring,7.6,2.6,5,95.1,66.8,01/03/1964
1964,4,1,Spring,12.8,5.4,2,73.5,126.1,01/04/1964
1964,5,1,Spring,19.6,9.8,0,46.1,197.8,01/05/1964
1964,6,1,Summer,19.3,11.2,0,110.1,164.1,01/06/1964
1964,7,1,Summer,22.8,13.5,0,20.2,219.7,01/07/1964
1964,8,1,Summer,22.3,12.7,0,21.2,215.7,01/08/1964
1964,9,1,Autumn,21.1,10.6,0,11.1,213.7,01/09/1964
1964,10,1,Autumn,13.7,5.3,1,29.2,126.2,01/10/1964
1964,11,1,Autumn,11.2,5.3,2,29.6,55,01/11/1964
1964,12,1,Winter,7.1,0.9,12,29.9,48.6,01/12/1964
1965,1,1,Winter,6.6,1,14,43,72.8,01/01/1965
1965,2,1,Winter,5.9,0.9,11,8.3,32.5,01/02/1965
1965,3,1,Spring,10.5,2.2,9,58,129.7,01/03/1965
1965,4,1,Spring,13.4,4.8,0,44.8,138.6,01/04/1965
1965,5,1,Spring,16.8,8.6,0,39.5,194.6,01/05/1965
1965,6,1,Summer,19.7,11,0,54.6,184.7,01/06/1965
1965,7,1,Summer,19.3,11.7,0,85.9,129.9,01/07/1965
1965,8,1,Summer,20.8,11.9,0,55.9,184.7,01/08/1965
1965,9,1,Autumn,17.4,9.2,0,109.4,130,01/09/1965
1965,10,1,Autumn,16.2,7.5,1,18.8,129.1,01/10/1965
1965,11,1,Autumn,8.4,2.2,9,65.4,96.5,01/11/1965
1965,12,1,Winter,8.4,1.7,9,87.3,54,01/12/1965
1966,1,1,Winter,5.3,1,13,32.6,40.8,01/01/1966
1966,2,1,Winter,9.3,4.4,1,73.4,27,01/02/1966
1966,3,1,Spring,10.9,2.6,4,12.2,122.6,01/03/1966
1966,4,1,Spring,12.2,5.4,0,98.6,88.7,01/04/1966
1966,5,1,Spring,17,7.5,0,50.5,222.9,01/05/1966
1966,6,1,Summer,21.8,12.2,0,66.7,205.4,01/06/1966
1966,7,1,Summer,20.1,12.2,0,78,161.6,01/07/1966
1966,8,1,Summer,20.6,11.6,0,86.2,199.7,01/08/1966
1966,9,1,Autumn,19.6,10.8,0,36.7,161.4,01/09/1966
1966,10,1,Autumn,14.7,8.6,0,122.1,81.3,01/10/1966
1966,11,1,Autumn,8.8,2.9,4,41.7,59.3,01/11/1966
1966,12,1,Winter,9.3,2.2,6,62.5,36.3,01/12/1966
1967,1,1,Winter,7.3,2.1,12,36.4,66.1,01/01/1967
1967,2,1,Winter,9.3,2.6,7,48.6,89.5,01/02/1967
1967,3,1,Spring,11.6,3.7,1,35.7,172.9,01/03/1967
1967,4,1,Spring,12.5,4.4,1,44.1,138.2,01/04/1967
1967,5,1,Spring,15.6,7.8,1,102.1,183.6,01/05/1967
1967,6,1,Summer,20.1,10.3,0,51,210,01/06/1967
1967,7,1,Summer,23.5,13.8,0,73.5,239.5,01/07/1967
1967,8,1,Summer,21.5,12.7,0,47.4,182.9,01/08/1967
1967,9,1,Autumn,18.5,11.1,0,59.5,118.6,01/09/1967
1967,10,1,Autumn,15,8.8,0,103.8,99.1,01/10/1967
1967,11,1,Autumn,9.7,2.6,5,42.3,78.7,01/11/1967
1967,12,1,Winter,7.2,1.3,11,54,61.3,01/12/1967
1968,1,1,Winter,7.2,1.3,13,65.1,43,01/01/1968
1968,2,1,Winter,5.7,0.2,13,25.3,67.2,01/02/1968
1968,3,1,Spring,11.1,3.5,3,22.6,142.3,01/03/1968
1968,4,1,Spring,13.7,4.4,4,44.2,188.4,01/04/1968
1968,5,1,Spring,15.4,7,0,80.8,170.8,01/05/1968
1968,6,1,Summer,20.6,11.5,0,54.9,172.5,01/06/1968
1968,7,1,Summer,20.7,12.6,0,79.4,146.7,01/07/1968
1968,8,1,Summer,20.2,12.6,0,68.2,121.1,01/08/1968
1968,9,1,Autumn,18.8,11.6,0,131.4,125.6,01/09/1968
1968,10,1,Autumn,16.5,10.7,0,64.2,78.5,01/10/1968
1968,11,1,Autumn,9.5,4.8,3,44.3,40.7,01/11/1968
1968,12,1,Winter,5.4,1,12,74.9,30.7,01/12/1968
1969,1,1,Winter,8.9,3.4,5,71.7,32.4,01/01/1969
1969,2,1,Winter,4.9,-0.9,15,45,70.5,01/02/1969
1969,3,1,Spring,8,1.3,7,56,66.8,01/03/1969
1969,4,1,Spring,13.6,3.9,4,20.3,207.6,01/04/1969
1969,5,1,Spring,17.1,8.6,0,59.5,149.1,01/05/1969
1969,6,1,Summer,20.6,10.2,0,26.6,262.8,01/06/1969
1969,7,1,Summer,23.9,13.9,0,68.7,229.2,01/07/1969
1969,8,1,Summer,21.8,13.6,0,93,141.3,01/08/1969
1969,9,1,Autumn,19.6,11.7,0,3.1,118.5,01/09/1969
1969,10,1,Autumn,18.2,9.9,0,5.1,117.3,01/10/1969
1969,11,1,Autumn,9.6,3.3,7,68.7,71.1,01/11/1969
1969,12,1,Winter,6.1,1.4,9,46.1,18.5,01/12/1969
1970,1,1,Winter,7.1,2.1,9,67.7,31.9,01/01/1970
1970,2,1,Winter,7.2,0.8,12,39.9,105.5,01/02/1970
1970,3,1,Spring,8.1,0.7,13,37.6,99.7,01/03/1970
1970,4,1,Spring,11.4,3.7,3,59.5,122.7,01/04/1970
1970,5,1,Spring,19.2,9.2,0,25.1,219.2,01/05/1970
1970,6,1,Summer,23.6,12.7,0,70.1,273.3,01/06/1970
1970,7,1,Summer,21.3,12.3,0,53,181.3,01/07/1970
1970,8,1,Summer,22.3,13,0,53.6,184.3,01/08/1970
1970,9,1,Autumn,20.3,11.4,0,49.8,157,01/09/1970
1970,10,1,Autumn,15.7,8.1,0,10.4,100.9,01/10/1970
1970,11,1,Autumn,11.9,5.5,1,151.2,59.8,01/11/1970
1970,12,1,Winter,7,1.7,10,38.5,45.3,01/12/1970
1971,1,1,Winter,7.8,2.8,6,70.5,42.5,01/01/1971
1971,2,1,Winter,8.6,1.9,5,16.6,72.6,01/02/1971
1971,3,1,Spring,9.1,2.3,7,42.4,104.7,01/03/1971
1971,4,1,Spring,12.2,4.8,1,47.3,121.5,01/04/1971
1971,5,1,Spring,18.1,8.2,0,76.7,232.9,01/05/1971
1971,6,1,Summer,17.8,10.1,0,127.7,145.4,01/06/1971
1971,7,1,Summer,24.1,13.8,0,19.3,224.1,01/07/1971
1971,8,1,Summer,21.3,13.5,0,64.4,147.5,01/08/1971
1971,9,1,Autumn,20.7,10.2,0,11.1,173.9,01/09/1971
1971,10,1,Autumn,17.2,8.1,0,57.6,147,01/10/1971
1971,11,1,Autumn,10.4,3,7,63.9,96.3,01/11/1971
1971,12,1,Winter,9.3,4.5,1,21,31.4,01/12/1971
1972,1,1,Winter,6.9,2.1,6,55.3,40.9,01/01/1972
1972,2,1,Winter,7.9,2.6,2,43.4,35,01/02/1972
1972,3,1,Spring,12.4,3.3,2,54,144.5,01/03/1972
1972,4,1,Spring,12.9,5.7,0,38.3,120.8,01/04/1972
1972,5,1,Spring,16,7.6,0,25.9,171.7,01/05/1972
1972,6,1,Summer,17.5,9,0,15.4,166.3,01/06/1972
1972,7,1,Summer,22.3,12.7,0,27.2,151.4,01/07/1972
1972,8,1,Summer,21.8,12.1,0,15.4,190,01/08/1972
1972,9,1,Autumn,17.3,9,0,27.6,117.5,01/09/1972
1972,10,1,Autumn,15.6,8.5,0,17.3,112.7,01/10/1972
1972,11,1,Autumn,9.9,3.2,9,57.7,78,01/11/1972
1972,12,1,Winter,9.4,3.5,2,66.7,56.5,01/12/1972
1973,1,1,Winter,7.3,2,10,13.1,28,01/01/1973
1973,2,1,Winter,8.1,0.7,15,12.5,66,01/02/1973
1973,3,1,Spring,11.5,2.2,6,10.4,138.1,01/03/1973
1973,4,1,Spring,12.5,3.9,2,58.1,140.5,01/04/1973
1973,5,1,Spring,16.9,8.6,0,54.2,167.2,01/05/1973
1973,6,1,Summer,21.9,11.6,0,68.8,254.5,01/06/1973
1973,7,1,Summer,21.4,12.7,0,49.1,173.7,01/07/1973
1973,8,1,Summer,23.7,13.8,0,40.9,189.1,01/08/1973
1973,9,1,Autumn,20.7,11.6,0,60.7,180.4,01/09/1973
1973,10,1,Autumn,13.9,6.1,0,38.6,98.9,01/10/1973
1973,11,1,Autumn,10.3,2.5,11,26.6,87,01/11/1973
1973,12,1,Winter,8.6,2.1,9,52.3,59.6,01/12/1973
1974,1,1,Winter,9.6,3.6,2,53,46,01/01/1974
1974,2,1,Winter,9.2,3,2,57.8,67.2,01/02/1974
1974,3,1,Spring,10.3,2.8,4,27.2,101.3,01/03/1974
1974,4,1,Spring,14,4.7,0,15.2,159.3,01/04/1974
1974,5,1,Spring,17,7.5,0,22.4,196.4,01/05/1974
1974,6,1,Summer,20.1,10.6,0,67.2,201.7,01/06/1974
1974,7,1,Summer,20.9,12.5,0,29.8,187.7,01/07/1974
1974,8,1,Summer,21.5,12.1,0,67.8,190.3,01/08/1974
1974,9,1,Autumn,17.5,9.5,0,140,156,01/09/1974
1974,10,1,Autumn,11,5,1,71.9,89.1,01/10/1974
1974,11,1,Autumn,10.6,5,0,142.8,42.7,01/11/1974
1974,12,1,Winter,11,5.6,0,34.4,52.6,01/12/1974
1975,1,1,Winter,10.3,4.5,2,92.3,38,01/01/1975
1975,2,1,Winter,9.3,1.9,5,23,79.1,01/02/1975
1975,3,1,Spring,8.4,2.8,7,69.7,66.9,01/03/1975
1975,4,1,Spring,13.3,5,5,43.6,133.4,01/04/1975
1975,5,1,Spring,15.1,6.9,0,62.9,149.8,01/05/1975
1975,6,1,Summer,21.8,10.4,0,23.2,293.7,01/06/1975
1975,7,1,Summer,24.1,14.1,0,36.3,217.3,01/07/1975
1975,8,1,Summer,25.9,15,0,13.3,226,01/08/1975
1975,9,1,Autumn,19.5,10.6,0,111.2,144.1,01/09/1975
1975,10,1,Autumn,14.4,7,0,23.2,111.6,01/10/1975
1975,11,1,Autumn,10.1,3.2,6,58,78.8,01/11/1975
1975,12,1,Winter,7.6,1.5,11,29.1,40.3,01/12/1975
1976,1,1,Winter,8.8,3,8,13.9,68.3,01/01/1976
1976,2,1,Winter,7.8,2.3,7,21.1,39.7,01/02/1976
1976,3,1,Spring,9.5,2,8,11.3,127.1,01/03/1976
1976,4,1,Spring,13.7,4.3,1,9.9,182.3,01/04/1976
1976,5,1,Spring,19.3,8.9,0,19.3,209.2,01/05/1976
1976,6,1,Summer,25.5,13.7,0,6.3,261.2,01/06/1976
1976,7,1,Summer,26.6,14.9,0,15.4,263.5,01/07/1976
1976,8,1,Summer,25.1,13.2,0,16.4,263.7,01/08/1976
1976,9,1,Autumn,19,11.2,0,96.6,118.9,01/09/1976
1976,10,1,Autumn,14.9,8.8,0,93,61.4,01/10/1976
1976,11,1,Autumn,9.9,3.5,5,81.7,60.1,01/11/1976
1976,12,1,Winter,5.6,-0.2,11,72.3,57.4,01/12/1976
1977,1,1,Winter,6.1,0.8,15,63.5,38.2,01/01/1977
1977,2,1,Winter,9.6,3.4,3,65.3,83.3,01/02/1977
1977,3,1,Spring,11.2,4.5,4,56.8,105.1,01/03/1977
1977,4,1,Spring,12.2,4.1,4,32.7,151.1,01/04/1977
1977,5,1,Spring,16.4,7.2,0,37.3,210.5,01/05/1977
1977,6,1,Summer,17.4,9.6,0,52.4,134.8,01/06/1977
1977,7,1,Summer,22.4,12.7,0,10.4,210.4,01/07/1977
1977,8,1,Summer,20.3,13,0,150.3,135.8,01/08/1977
1977,9,1,Autumn,18,10.7,0,15.3,117.5,01/09/1977
1977,10,1,Autumn,16.3,9,0,48.1,113.8,01/10/1977
1977,11,1,Autumn,10.4,4.6,2,51.3,88.4,01/11/1977
1977,12,1,Winter,9.2,4.1,2,55.5,37.1,01/12/1977
1978,1,1,Winter,6.7,0.7,11,68.8,47.4,01/01/1978
1978,2,1,Winter,6.2,0.7,13,40.9,41.3,01/02/1978
1978,3,1,Spring,11.3,3.5,4,58.9,108.5,01/03/1978
1978,4,1,Spring,10.7,3.9,4,45.4,113.8,01/04/1978
1978,5,1,Spring,17.2,7.9,0,78.5,210.6,01/05/1978
1978,6,1,Summer,19.7,10.7,0,38.1,175.9,01/06/1978
1978,7,1,Summer,20.5,12.7,0,65.5,142,01/07/1978
1978,8,1,Summer,20.7,12.1,0,53.6,177.6,01/08/1978
1978,9,1,Autumn,20.1,10.8,0,17.1,166.7,01/09/1978
1978,10,1,Autumn,17.1,8.4,0,1.6,98.4,01/10/1978
1978,11,1,Autumn,12.6,6.2,4,8.2,81.7,01/11/1978
1978,12,1,Winter,7.8,2.6,11,108.6,35.4,01/12/1978
1979,1,1,Winter,3.8,-2.6,24,59.9,58.5,01/01/1979
1979,2,1,Winter,4.5,-0.4,13,44,52.9,01/02/1979
1979,3,1,Spring,9.2,2,4,94.9,99.6,01/03/1979
1979,4,1,Spring,12.7,4.8,2,77.6,106.3,01/04/1979
1979,5,1,Spring,15.9,7.2,2,87,200.6,01/05/1979
1979,6,1,Summer,19,11.1,0,37.6,140.3,01/06/1979
1979,7,1,Summer,22.5,13.4,0,21.7,182.5,01/07/1979
1979,8,1,Summer,21,12.2,0,33.4,171.3,01/08/1979
1979,9,1,Autumn,19.6,10.3,0,20.8,177.6,01/09/1979
1979,10,1,Autumn,16.4,8.8,0,68.7,124.9,01/10/1979
1979,11,1,Autumn,10.8,3.5,5,48.2,58.1,01/11/1979
1979,12,1,Winter,9.2,3.9,5,90.7,49.6,01/12/1979
1980,1,1,Winter,6,-0.1,14,29.7,72.4,01/01/1980
1980,2,1,Winter,9.9,2.9,4,36.8,52.2,01/02/1980
1980,3,1,Spring,9,2.4,4,72.1,83.2,01/03/1980
1980,4,1,Spring,14,5.4,0,21.6,161.2,01/04/1980
1980,5,1,Spring,17.3,7.4,0,26.1,221.1,01/05/1980
1980,6,1,Summer,19.8,10.9,0,106.2,188.8,01/06/1980
1980,7,1,Summer,19.7,11.9,0,59.3,163.7,01/07/1980
1980,8,1,Summer,21.9,13.3,0,52.3,173.4,01/08/1980
1980,9,1,Autumn,20.1,12,0,27.7,146.6,01/09/1980
1980,10,1,Autumn,14,5.8,0,96.5,123.3,01/10/1980
1980,11,1,Autumn,9.3,4.5,4,26.4,66.4,01/11/1980
1980,12,1,Winter,8.9,2.7,8,33.4,63.7,01/12/1980
1981,1,1,Winter,8.1,2,9,32.7,62,01/01/1981
1981,2,1,Winter,7.1,-0.1,16,11.9,71.6,01/02/1981
1981,3,1,Spring,11.8,6.5,1,90.8,56.8,01/03/1981
1981,4,1,Spring,12.9,4.9,1,32.4,129.9,01/04/1981
1981,5,1,Spring,16.1,8.4,0,79.8,112,01/05/1981
1981,6,1,Summer,18.5,10.4,0,39.5,152.1,01/06/1981
1981,7,1,Summer,22,12.8,0,56.7,148.9,01/07/1981
1981,8,1,Summer,22.8,13,0,45.3,217.9,01/08/1981
1981,9,1,Autumn,20.3,11.3,0,94.6,151.1,01/09/1981
1981,10,1,Autumn,12.9,5.8,0,76.5,110.3,01/10/1981
1981,11,1,Autumn,11.5,5.1,1,34.1,54.9,01/11/1981
1981,12,1,Winter,4.4,-1.5,17,85.3,47,01/12/1981
1982,1,1,Winter,6.9,0.4,14,38,57.7,01/01/1982
1982,2,1,Winter,8.4,2.4,4,31.6,51.3,01/02/1982
1982,3,1,Spring,11.1,2.5,3,51.5,171.3,01/03/1982
1982,4,1,Spring,14.3,5,2,22.8,180.9,01/04/1982
1982,5,1,Spring,18,7.6,0,71.9,204.8,01/05/1982
1982,6,1,Summer,21.5,12.8,0,84.6,182.1,01/06/1982
1982,7,1,Summer,22.7,13.4,0,24.5,164,01/07/1982
1982,8,1,Summer,22.2,12.9,0,39.7,168.9,01/08/1982
1982,9,1,Autumn,20.8,11.1,0,39.6,156,01/09/1982
1982,10,1,Autumn,14.1,7.8,0,109.1,69.6,01/10/1982
1982,11,1,Autumn,11.4,6.2,3,72.9,55.5,01/11/1982
1982,12,1,Winter,8.2,1.9,8,63.6,50,01/12/1982
1983,1,1,Winter,10,4.3,3,47.2,51.4,01/01/1983
1983,2,1,Winter,5.5,-0.5,19,31,85.3,01/02/1983
1983,3,1,Spring,10.8,3,5,33.7,93.4,01/03/1983
1983,4,1,Spring,12.4,3.6,3,101.5,145.4,01/04/1983
1983,5,1,Spring,15.6,7.5,0,72.9,136.8,01/05/1983
1983,6,1,Summer,20.8,11.4,0,12,188.8,01/06/1983
1983,7,1,Summer,27.6,16,0,50.3,247.8,01/07/1983
1983,8,1,Summer,24.5,13.8,0,11.4,219.1,01/08/1983
1983,9,1,Autumn,19.3,11.3,0,42.9,113.7,01/09/1983
1983,10,1,Autumn,15.1,7.6,2,41.7,114,01/10/1983
1983,11,1,Autumn,11.3,5.5,4,39.5,42.9,01/11/1983
1983,12,1,Winter,9.2,2.7,10,50.9,58.5,01/12/1983
1984,1,1,Winter,8,1.4,9,73.3,88.1,01/01/1984
1984,2,1,Winter,7.4,1.3,10,32.9,71.6,01/02/1984
1984,3,1,Spring,8.9,2.5,2,73.4,51.4,01/03/1984
1984,4,1,Spring,14.6,3.9,5,5.4,230.5,01/04/1984
1984,5,1,Spring,14.9,6.8,0,90.9,144.7,01/05/1984
1984,6,1,Summer,21.3,11.3,0,36.1,237,01/06/1984
1984,7,1,Summer,24.2,12.9,0,19.2,232.5,01/07/1984
1984,8,1,Summer,24.4,14.2,0,27.8,201.1,01/08/1984
1984,9,1,Autumn,18.6,11,0,73.4,98.1,01/09/1984
1984,10,1,Autumn,15.8,8.5,0,82.8,91.2,01/10/1984
1984,11,1,Autumn,12.2,6.4,0,69.8,75.4,01/11/1984
1984,12,1,Winter,8.7,2.8,8,56.7,49.3,01/12/1984
1985,1,1,Winter,4.1,-1.8,20,41.3,46.9,01/01/1985
1985,2,1,Winter,6.3,0.1,13,29.8,78.3,01/02/1985
1985,3,1,Spring,9.4,1.3,12,34.1,105.2,01/03/1985
1985,4,1,Spring,14,5.3,3,33.3,157.5,01/04/1985
1985,5,1,Spring,16.4,8.2,0,64.7,163.7,01/05/1985
1985,6,1,Summer,18.5,9.9,0,88.9,167.2,01/06/1985
1985,7,1,Summer,22.9,13.2,0,35.2,241.4,01/07/1985
1985,8,1,Summer,20.3,11.9,0,58.9,187.3,01/08/1985
1985,9,1,Autumn,20.6,11.4,0,11.2,143.4,01/09/1985
1985,10,1,Autumn,16.1,8.8,0,18.4,118.8,01/10/1985
1985,11,1,Autumn,8.1,1.2,11,30,88.6,01/11/1985
1985,12,1,Winter,10,5.2,4,80.5,39,01/12/1985
1986,1,1,Winter,7.2,1,11,105.6,62.8,01/01/1986
1986,2,1,Winter,1.7,-2.7,24,14.5,61.9,01/02/1986
1986,3,1,Spring,10.1,1.8,8,43.5,124.4,01/03/1986
1986,4,1,Spring,10.9,3.2,3,60.7,135.2,01/04/1986
1986,5,1,Spring,16.3,7.9,0,52.3,172.3,01/05/1986
1986,6,1,Summer,21.8,11.4,0,17.2,225.8,01/06/1986
1986,7,1,Summer,22.6,13.3,0,54.6,180.5,01/07/1986
1986,8,1,Summer,20,11.5,0,66.7,158.3,01/08/1986
1986,9,1,Autumn,17.4,8.1,0,22.8,157.5,01/09/1986
1986,10,1,Autumn,16.4,8.5,0,72.4,116.3,01/10/1986
1986,11,1,Autumn,12.1,5.2,0,66.1,73.1,01/11/1986
1986,12,1,Winter,9.7,3.2,4,60.6,55.1,01/12/1986
1987,1,1,Winter,3.6,-1,18,11.1,54.4,01/01/1987
1987,2,1,Winter,7.7,1.4,12,32.4,58,01/02/1987
1987,3,1,Spring,8.5,1.4,14,42.7,105.2,01/03/1987
1987,4,1,Spring,15.8,6.7,0,39.9,153,01/04/1987
1987,5,1,Spring,16.3,7,0,54.1,198.2,01/05/1987
1987,6,1,Summer,18.6,10.6,0,69.9,132.9,01/06/1987
1987,7,1,Summer,21.8,13.2,0,77.3,176.1,01/07/1987
1987,8,1,Summer,21.8,12.5,0,57.2,172.3,01/08/1987
1987,9,1,Autumn,19.3,11.4,0,36.9,147.2,01/09/1987
1987,10,1,Autumn,15,7.7,0,174.8,120.6,01/10/1987
1987,11,1,Autumn,9.8,4.2,3,43.3,39.8,01/11/1987
1987,12,1,Winter,8.9,4.1,5,14.4,34.4,01/12/1987
1988,1,1,Winter,8.8,3.1,5,106.9,54.7,01/01/1988
1988,2,1,Winter,8.7,1.8,6,26,115.9,01/02/1988
1988,3,1,Spring,10.7,3.7,4,59.5,88.1,01/03/1988
1988,4,1,Spring,13.5,5.1,1,27.7,145.8,01/04/1988
1988,5,1,Spring,18,9.1,0,41.6,202,01/05/1988
1988,6,1,Summer,19.7,11.3,0,44.3,159.9,01/06/1988
1988,7,1,Summer,20,12.2,0,76.2,161.7,01/07/1988
1988,8,1,Summer,21.8,12.4,0,60.9,195,01/08/1988
1988,9,1,Autumn,18.8,10.8,0,27.8,147.8,01/09/1988
1988,10,1,Autumn,15.5,8.5,0,56.3,110,01/10/1988
1988,11,1,Autumn,9.9,1.8,12,16,89.2,01/11/1988
1988,12,1,Winter,10.4,4.8,1,8.9,37.5,01/12/1988
1989,1,1,Winter,9.5,3.1,6,26,59.2,01/01/1989
1989,2,1,Winter,10.2,2.6,4,40.2,94.2,01/02/1989
1989,3,1,Spring,12.9,4.5,2,56.6,100,01/03/1989
1989,4,1,Spring,11.5,4.3,1,64.2,144.5,01/04/1989
1989,5,1,Spring,21,10,0,12.1,310.1,01/05/1989
1989,6,1,Summer,22.1,11.4,0,35.5,258.5,01/06/1989
1989,7,1,Summer,25.8,14.8,0,36.7,274.8,01/07/1989
1989,8,1,Summer,24.2,13.1,0,55.7,267.1,01/08/1989
1989,9,1,Autumn,20.7,12.6,0,10.8,131.2,01/09/1989
1989,10,1,Autumn,17.1,9.7,0,52.8,113.4,01/10/1989
1989,11,1,Autumn,10.9,3.7,6,23.8,107,01/11/1989
1989,12,1,Winter,9.4,4.2,2,119.3,33.6,01/12/1989
1990,1,1,Winter,10.2,4.4,0,71.1,57.6,01/01/1990
1990,2,1,Winter,11.7,5.3,1,92.3,94.3,01/02/1990
1990,3,1,Spring,13.6,4.8,1,6.9,154.6,01/03/1990
1990,4,1,Spring,14.6,4.2,3,29.7,245,01/04/1990
1990,5,1,Spring,20.5,9,0,4.1,287,01/05/1990
1990,6,1,Summer,19.5,10.8,0,39.5,132.5,01/06/1990
1990,7,1,Summer,24.7,13.2,0,6.9,273.2,01/07/1990
1990,8,1,Summer,26,14.7,0,26.8,249.3,01/08/1990
1990,9,1,Autumn,19.7,10,0,24.9,173.4,01/09/1990
1990,10,1,Autumn,16.9,9.6,0,49.7,122.5,01/10/1990
1990,11,1,Autumn,10.7,5.1,0,22.1,70,01/11/1990
1990,12,1,Winter,7.6,2.5,7,51.4,47.8,01/12/1990
1991,1,1,Winter,7.3,1.8,3,69.7,68.4,01/01/1991
1991,2,1,Winter,5.4,-1.3,16,34.7,48.5,01/02/1991
1991,3,1,Spring,12.5,5.3,2,25.9,102.7,01/03/1991
1991,4,1,Spring,13.1,4.8,2,52.8,158.5,01/04/1991
1991,5,1,Spring,15.7,7.7,0,9.1,138.7,01/05/1991
1991,6,1,Summer,17.8,9.7,0,88.6,135,01/06/1991
1991,7,1,Summer,23.2,14.4,0,92.9,218.6,01/07/1991
1991,8,1,Summer,24.1,14.4,0,26,241.7,01/08/1991
1991,9,1,Autumn,21.4,11.5,0,43.7,183,01/09/1991
1991,10,1,Autumn,14.6,7.6,0,18.5,87.1,01/10/1991
1991,11,1,Autumn,10.6,4.2,5,59.3,59.2,01/11/1991
1991,12,1,Winter,8.3,1.7,12,12,60.7,01/12/1991
1992,1,1,Winter,7.5,2,11,12.6,56,01/01/1992
1992,2,1,Winter,9.5,2.3,8,17.7,50.3,01/02/1992
1992,3,1,Spring,11.8,4.9,0,38.5,61.8,01/03/1992
1992,4,1,Spring,14,5.6,1,57.1,129.7,01/04/1992
1992,5,1,Spring,21,10.2,0,94.5,271.9,01/05/1992
1992,6,1,Summer,22.5,12.3,0,22.5,213.7,01/06/1992
1992,7,1,Summer,22.5,14.2,0,62.3,158.6,01/07/1992
1992,8,1,Summer,21.7,13.6,0,84.7,149.2,01/08/1992
1992,9,1,Autumn,18.9,11,0,77.3,127.5,01/09/1992
1992,10,1,Autumn,12.5,5.3,3,59.4,112.6,01/10/1992
1992,11,1,Autumn,12,4.8,2,86.9,61.6,01/11/1992
1992,12,1,Winter,7.8,1.6,12,35.9,49.1,01/12/1992
1993,1,1,Winter,10.3,3.5,4,63.1,37.8,01/01/1993
1993,2,1,Winter,7.2,2.5,2,2.4,51,01/02/1993
1993,3,1,Spring,11.8,3.3,4,16,128.4,01/03/1993
1993,4,1,Spring,14.6,6.8,0,75.3,126.9,01/04/1993
1993,5,1,Spring,18,8.8,0,31.8,176.6,01/05/1993
1993,6,1,Summer,21.8,12.2,0,43.9,224.2,01/06/1993
1993,7,1,Summer,21.6,12.6,0,35,174.6,01/07/1993
1993,8,1,Summer,21.6,11.7,0,23.8,219.4,01/08/1993
1993,9,1,Autumn,17.5,9.8,0,96.3,104.5,01/09/1993
1993,10,1,Autumn,13,7,1,123,117,01/10/1993
1993,11,1,Autumn,8.8,2.4,11,29.5,71.3,01/11/1993
1993,12,1,Winter,9.2,3.6,3,73.8,52.4,01/12/1993
1994,1,1,Winter,9.3,2.8,6,80,73.4,01/01/1994
1994,2,1,Winter,7.7,1.2,8,42.6,72,01/02/1994
1994,3,1,Spring,12.3,5.1,1,40,126.4,01/03/1994
1994,4,1,Spring,13.3,5.1,1,52.8,175,01/04/1994
1994,5,1,Spring,16,8.2,0,80.6,158.3,01/05/1994
1994,6,1,Summer,21.5,11.2,0,17,265,01/06/1994
1994,7,1,Summer,26.2,15.2,0,16.9,267.1,01/07/1994
1994,8,1,Summer,23,13.8,0,32.2,180.9,01/08/1994
1994,9,1,Autumn,17.8,10.8,0,86.3,109.7,01/09/1994
1994,10,1,Autumn,15.4,7.7,0,76,141,01/10/1994
1994,11,1,Autumn,13.6,8.4,0,43.1,42.7,01/11/1994
1994,12,1,Winter,10.7,4,6,63.3,60.8,01/12/1994
1995,1,1,Winter,8.9,2.2,6,113.7,59.6,01/01/1995
1995,2,1,Winter,10.7,4.4,1,71.9,70.9,01/02/1995
1995,3,1,Spring,11.2,2,7,49.5,194.5,01/03/1995
1995,4,1,Spring,15,6.1,3,16.9,199.5,01/04/1995
1995,5,1,Spring,19,8.2,0,30,234.4,01/05/1995
1995,6,1,Summer,20.7,10.8,0,11.1,187.7,01/06/1995
1995,7,1,Summer,26.3,15.2,0,20.3,247.1,01/07/1995
1995,8,1,Summer,27,15.6,0,0.3,295.3,01/08/1995
1995,9,1,Autumn,19.2,10.7,0,95,142.4,01/09/1995
1995,10,1,Autumn,18.3,10.2,0,19.2,129.9,01/10/1995
1995,11,1,Autumn,12,5.1,4,28.5,76.2,01/11/1995
1995,12,1,Winter,5.8,1,13,82.8,44.7,01/12/1995
1996,1,1,Winter,7.2,3.1,5,41.5,25.3,01/01/1996
1996,2,1,Winter,6.8,0.1,17,49,100.3,01/02/1996
1996,3,1,Spring,8.6,2.1,9,31.4,75.9,01/03/1996
1996,4,1,Spring,14.3,5.5,3,25,147.5,01/04/1996
1996,5,1,Spring,15.1,5.9,0,25.8,182.6,01/05/1996
1996,6,1,Summer,22.8,11.3,0,12,282.7,01/06/1996
1996,7,1,Summer,24.2,13.2,0,28.8,233.7,01/07/1996
1996,8,1,Summer,23.1,13.4,0,45.8,217.6,01/08/1996
1996,9,1,Autumn,19.2,10.7,0,22,142,01/09/1996
1996,10,1,Autumn,16.6,8.9,0,35.4,142.3,01/10/1996
1996,11,1,Autumn,10.5,2.7,9,91,107.5,01/11/1996
1996,12,1,Winter,6.2,1.4,11,13,57.6,01/12/1996
1997,1,1,Winter,5.5,0.2,13,10.3,59.3,01/01/1997
1997,2,1,Winter,10.8,4,4,55.1,58.1,01/02/1997
1997,3,1,Spring,13.8,5.3,0,11.4,151,01/03/1997
1997,4,1,Spring,15.6,5.4,1,9.8,218.5,01/04/1997
1997,5,1,Spring,18.7,8.5,1,28.2,259.2,01/05/1997
1997,6,1,Summer,20.2,12.2,0,78.6,151.6,01/06/1997
1997,7,1,Summer,23.5,13.9,0,34.6,241.1,01/07/1997
1997,8,1,Summer,25.8,16.6,0,70.5,194.2,01/08/1997
1997,9,1,Autumn,20.9,11.8,0,6.8,190.3,01/09/1997
1997,10,1,Autumn,15.9,7.5,3,44.9,166,01/10/1997
1997,11,1,Autumn,12.5,6.2,2,47.1,67.3,01/11/1997
1997,12,1,Winter,9.5,4.2,4,47.4,48,01/12/1997
1998,1,1,Winter,9.2,3.5,3,68.6,65.2,01/01/1998
1998,2,1,Winter,11.6,3.5,5,6.6,113.1,01/02/1998
1998,3,1,Spring,12.1,5.7,1,51.1,84.9,01/03/1998
1998,4,1,Spring,12.7,5.7,0,82.6,115.4,01/04/1998
1998,5,1,Spring,19.6,10.2,0,31.9,228.2,01/05/1998
1998,6,1,Summer,19.9,12,0,89.6,158.4,01/06/1998
1998,7,1,Summer,21.4,13,0,26.9,184.3,01/07/1998
1998,8,1,Summer,23.5,12.7,0,16.6,262.6,01/08/1998
1998,9,1,Autumn,20.4,12.7,0,101.2,149.1,01/09/1998
1998,10,1,Autumn,14.7,8.6,0,103.8,96.7,01/10/1998
1998,11,1,Autumn,9.6,3.4,4,57,78.5,01/11/1998
1998,12,1,Winter,9.7,3.8,7,49.2,42.4,01/12/1998
1999,1,1,Winter,9.4,3.8,3,68.7,53.7,01/01/1999
1999,2,1,Winter,8.8,2.8,7,21.1,90.1,01/02/1999
1999,3,1,Spring,12.2,5,2,25.6,122.5,01/03/1999
1999,4,1,Spring,14.9,6.3,1,35,167.8,01/04/1999
1999,5,1,Spring,19.1,10.2,0,35.8,184.9,01/05/1999
1999,6,1,Summer,20.3,11,0,98.2,239.1,01/06/1999
1999,7,1,Summer,24.9,14.3,0,8.6,275.9,01/07/1999
1999,8,1,Summer,22.8,14,0,124.8,199.8,01/08/1999
1999,9,1,Autumn,21.3,13.2,0,86.7,165,01/09/1999
1999,10,1,Autumn,15.6,7.9,0,49.2,160.5,01/10/1999
1999,11,1,Autumn,11.3,5.9,0,31.2,79,01/11/1999
1999,12,1,Winter,8.7,2.4,7,77.2,75.3,01/12/1999
2000,1,1,Winter,8.6,2.4,7,16.5,78.6,01/01/2000
2000,2,1,Winter,10.4,3.8,5,62.2,102.5,01/02/2000
2000,3,1,Spring,12.1,4.9,1,16,120.4,01/03/2000
2000,4,1,Spring,12.9,5.4,0,99.6,135.8,01/04/2000
2000,5,1,Spring,18,9.6,0,87.2,202.9,01/05/2000
2000,6,1,Summer,21,12.8,0,19.2,169.5,01/06/2000
2000,7,1,Summer,21,12.8,0,52.8,174.7,01/07/2000
2000,8,1,Summer,23.2,14,0,32.3,211.4,01/08/2000
2000,9,1,Autumn,20.1,12.5,0,105.8,132.1,01/09/2000
2000,10,1,Autumn,14.7,8.5,0,155.4,98,01/10/2000
2000,11,1,Autumn,11,4.5,1,99.5,74.9,01/11/2000
2000,12,1,Winter,9,4.6,5,73.9,50,01/12/2000
2001,1,1,Winter,7.1,1.8,9,75.2,87,01/01/2001
2001,2,1,Winter,9.2,2.8,5,69.6,92.3,01/02/2001
2001,3,1,Spring,9.5,3.8,3,95.3,78.2,01/03/2001
2001,4,1,Spring,12.8,5.4,0,66.5,138.5,01/04/2001
2001,5,1,Spring,18.8,9.1,0,26,228,01/05/2001
2001,6,1,Summer,20.8,11.3,0,39.1,248,01/06/2001
2001,7,1,Summer,24.3,14.5,0,35.2,229.1,01/07/2001
2001,8,1,Summer,23.5,14.5,0,79,210.9,01/08/2001
2001,9,1,Autumn,18.1,10.8,0,59.6,143.3,01/09/2001
2001,10,1,Autumn,17.6,11.3,0,108.2,109.9,01/10/2001
2001,11,1,Autumn,11.3,4.4,3,33.8,88.3,01/11/2001
2001,12,1,Winter,7.3,1.4,11,17.8,93.3,01/12/2001
2002,1,1,Winter,9.5,3.5,6,51,53.4,01/01/2002
2002,2,1,Winter,11.3,4.8,2,64,91.4,01/02/2002
2002,3,1,Spring,12.4,5.1,2,37.6,111.3,01/03/2002
2002,4,1,Spring,15.7,6.1,0,38.4,220.5,01/04/2002
2002,5,1,Spring,17.3,9.4,0,66.4,192.2,01/05/2002
2002,6,1,Summer,20.1,11.6,0,74.2,191.5,01/06/2002
2002,7,1,Summer,22.3,13.5,0,67.2,193.9,01/07/2002
2002,8,1,Summer,23.3,14.7,0,36.3,190.4,01/08/2002
2002,9,1,Autumn,20.3,11.5,0,20,178.2,01/09/2002
2002,10,1,Autumn,15.3,8.4,0,61.6,109.2,01/10/2002
2002,11,1,Autumn,12.4,7,0,151,66.1,01/11/2002
2002,12,1,Winter,9,5.2,0,119,34.1,01/12/2002
2003,1,1,Winter,8,2.3,10,73.6,93.6,01/01/2003
2003,2,1,Winter,8.4,1.8,10,20.8,101.2,01/02/2003
2003,3,1,Spring,13.6,4.4,0,16.4,176.9,01/03/2003
2003,4,1,Spring,15.7,6.3,3,30,198,01/04/2003
2003,5,1,Spring,18.2,9,0,39.1,205.5,01/05/2003
2003,6,1,Summer,23.3,13.3,0,47.6,245.5,01/06/2003
2003,7,1,Summer,24.2,14.7,0,28.8,213.9,01/07/2003
2003,8,1,Summer,26.4,15.7,0,10.4,255.3,01/08/2003
2003,9,1,Autumn,21.9,10.8,0,8.4,206.7,01/09/2003
2003,10,1,Autumn,14.5,6.4,0,35.2,160.7,01/10/2003
2003,11,1,Autumn,12.6,6.7,1,113.8,88.2,01/11/2003
2003,12,1,Winter,8.8,3.2,3,51.4,58,01/12/2003
2004,1,1,Winter,8.8,3.1,8,71.9,64,01/01/2004
2004,2,1,Winter,8.7,3.8,7,26.2,65.3,01/02/2004
2004,3,1,Spring,10.8,3.9,3,29.5,102.7,01/03/2004
2004,4,1,Spring,14.9,6.3,0,68.8,155,01/04/2004
2004,5,1,Spring,18.2,9.5,0,45,208.2,01/05/2004
2004,6,1,Summer,22.1,12.6,0,40.4,236,01/06/2004
2004,7,1,Summer,22.7,13.3,0,37.6,201.5,01/07/2004
2004,8,1,Summer,23.8,15.1,0,107.8,213.3,01/08/2004
2004,9,1,Autumn,20.8,12.5,0,18.8,182.7,01/09/2004
2004,10,1,Autumn,15.3,9.1,0,96.6,101.2,01/10/2004
2004,11,1,Autumn,11.2,6.2,2,29.6,60.8,01/11/2004
2004,12,1,Winter,8.8,2.9,5,46.4,48.2,01/12/2004
2005,1,1,Winter,9.5,3.8,1,21.6,72.1,01/01/2005
2005,2,1,Winter,7.3,2.5,7,19.7,62.4,01/02/2005
2005,3,1,Spring,11.5,4.5,7,43.6,96.7,01/03/2005
2005,4,1,Spring,14.6,6.2,1,30,153,01/04/2005
2005,5,1,Spring,17.7,8.5,0,19.8,228.3,01/05/2005
2005,6,1,Summer,22.8,12.9,0,32.6,219.3,01/06/2005
2005,7,1,Summer,23.3,14.1,0,45.8,202.5,01/07/2005
2005,8,1,Summer,23.2,13,0,42.4,250.4,01/08/2005
2005,9,1,Autumn,21.4,12.7,0,47.5,143.9,01/09/2005
2005,10,1,Autumn,17.8,11.3,0,73.4,89.9,01/10/2005
2005,11,1,Autumn,10.7,3.5,8,29.2,93.3,01/11/2005
2005,12,1,Winter,8.2,1.9,8,44.4,65.7,01/12/2005
2006,1,1,Winter,7.6,2.9,6,16.8,51.4,01/01/2006
2006,2,1,Winter,7.2,1.7,5,41.2,62.9,01/02/2006
2006,3,1,Spring,9.4,2.8,10,44.6,91.2,01/03/2006
2006,4,1,Spring,14.1,6,0,33.4,132.3,01/04/2006
2006,5,1,Spring,18,9.8,0,91.6,128.2,01/05/2006
2006,6,1,Summer,23.7,12.9,0,11.8,225.3,01/06/2006
2006,7,1,Summer,28.2,16.7,0,23.6,266.4,01/07/2006
2006,8,1,Summer,22.2,13.5,0,68.8,140.2,01/08/2006
2006,9,1,Autumn,22.7,14.5,0,78.2,153.9,01/09/2006
2006,10,1,Autumn,17.8,11.2,0,64.4,106.3,01/10/2006
2006,11,1,Autumn,12.7,5.4,2,98,97,01/11/2006
2006,12,1,Winter,9.7,4.5,5,63.6,41.2,01/12/2006
2007,1,1,Winter,10.5,5.1,2,56,56.6,01/01/2007
2007,2,1,Winter,9.9,3.9,5,92.9,59.3,01/02/2007
2007,3,1,Spring,12.5,4.4,2,43.8,164.7,01/03/2007
2007,4,1,Spring,18.9,7.7,0,3.6,224.6,01/04/2007
2007,5,1,Spring,17.9,9.7,0,80,149.6,01/05/2007
2007,6,1,Summer,21.2,12.6,0,63.8,139.7,01/06/2007
2007,7,1,Summer,21.4,13.1,0,115.2,159.9,01/07/2007
2007,8,1,Summer,21.5,12.9,0,41,192.6,01/08/2007
2007,9,1,Autumn,19.9,11.4,0,17.4,141.1,01/09/2007
2007,10,1,Autumn,15.4,8.5,0,37.8,98.4,01/10/2007
2007,11,1,Autumn,11.4,4.6,3,84.8,81.3,01/11/2007
2007,12,1,Winter,8.9,3.1,9,44.6,61.4,01/12/2007
2008,1,1,Winter,10.4,4.7,0,69,60.2,01/01/2008
2008,2,1,Winter,11,2,7,15.4,130,01/02/2008
2008,3,1,Spring,10.6,3.7,2,69.8,85.7,01/03/2008
2008,4,1,Spring,13.7,5.2,2,63.4,140.3,01/04/2008
2008,5,1,Spring,19.8,10.5,0,64.2,162.6,01/05/2008
2008,6,1,Summer,20.8,11.9,0,45.6,201.9,01/06/2008
2008,7,1,Summer,22.8,13.7,0,76.8,172.5,01/07/2008
2008,8,1,Summer,21.5,14.2,0,64.4,104.3,01/08/2008
2008,9,1,Autumn,18.5,11.2,0,43,110.7,01/09/2008
2008,10,1,Autumn,15,6.8,1,45,134.4,01/10/2008
2008,11,1,Autumn,10.7,5.2,2,58.8,42.2,01/11/2008
2008,12,1,Winter,7.3,1.7,11,41.2,65.1,01/12/2008
2009,1,1,Winter,6.8,0.3,13,72.4,63.2,01/01/2009
2009,2,1,Winter,7.8,2.1,10,69.6,59.2,01/02/2009
2009,3,1,Spring,12.9,3.7,2,30,158.5,01/03/2009
2009,4,1,Spring,16.1,7.2,0,28,172.8,01/04/2009
2009,5,1,Spring,19.1,9.4,0,29.8,193.9,01/05/2009
2009,6,1,Summer,22.4,12.2,0,34,192.8,01/06/2009
2009,7,1,Summer,23,13.7,0,71.4,155.8,01/07/2009
2009,8,1,Summer,23.9,14.1,0,39.6,167.6,01/08/2009
2009,9,1,Autumn,20.5,12,0,36,137.3,01/09/2009
2009,10,1,Autumn,16.3,9.3,0,39.4,84.7,01/10/2009
2009,11,1,Autumn,12.6,7.4,0,148,62.4,01/11/2009
2009,12,1,Winter,7,1.3,12,84.6,60.3,01/12/2009
2010,1,1,Winter,4.5,-0.3,15,51.8,51.3,01/01/2010
2010,2,1,Winter,6.9,1.7,8,100.4,46.7,01/02/2010
2010,3,1,Spring,11.1,3.7,4,39.8,106.4,01/03/2010
2010,4,1,Spring,15.8,5.6,0,23.2,201.7,01/04/2010
2010,5,1,Spring,17.3,7.7,0,20.6,170.4,01/05/2010
2010,6,1,Summer,23.5,12.1,0,12.4,220.1,01/06/2010
2010,7,1,Summer,25,15.1,0,18,161.8,01/07/2010
2010,8,1,Summer,21.6,13.2,0,88.6,110.9,01/08/2010
2010,9,1,Autumn,19.4,11.2,0,38.2,128.7,01/09/2010
2010,10,1,Autumn,15.2,8.3,1,74.8,104,01/10/2010
2010,11,1,Autumn,9.1,4,7,32.2,50,01/11/2010
2010,12,1,Winter,3.9,-1.5,21,21.4,18.5,01/12/2010
2011,1,1,Winter,7.4,2.8,8,76.8,35.6,01/01/2011
2011,2,1,Winter,10.2,4.8,1,42.8,36.2,01/02/2011
2011,3,1,Spring,12.3,3.8,4,14.6,126.4,01/03/2011
2011,4,1,Spring,19.7,8.6,0,2.4,218,01/04/2011
2011,5,1,Spring,19.4,9.4,0,24.6,218,01/05/2011
2011,6,1,Summer,20.7,11,0,84,173.5,01/06/2011
2011,7,1,Summer,21.7,12.6,0,49.8,173.6,01/07/2011
2011,8,1,Summer,21.8,13.4,0,68.8,144.1,01/08/2011
2011,9,1,Autumn,21.3,12.4,0,35,161.2,01/09/2011
2011,10,1,Autumn,18.1,10.1,0,18.4,140.4,01/10/2011
2011,11,1,Autumn,13.6,7.3,0,29,52.5,01/11/2011
2011,12,1,Winter,9.9,3.8,4,63,60.6,01/12/2011
2012,1,1,Winter,9.8,3.4,7,34.4,68.5,01/01/2012
2012,2,1,Winter,8,1.3,12,16.8,84.9,01/02/2012
2012,3,1,Spring,14.7,4.7,0,16.2,180.3,01/03/2012
2012,4,1,Spring,13.3,4.9,1,98.4,141.7,01/04/2012
2012,5,1,Spring,18.2,9.7,0,25.4,166.6,01/05/2012
2012,6,1,Summer,19.4,11.6,0,110.8,118.5,01/06/2012
2012,7,1,Summer,21.3,13.2,0,71.8,161.6,01/07/2012
2012,8,1,Summer,23.5,14.3,0,36.4,182.6,01/08/2012
2012,9,1,Autumn,20,10.3,0,41.2,178.9,01/09/2012
2012,10,1,Autumn,14.2,8,0,88.4,85.6,01/10/2012
2012,11,1,Autumn,11,4.6,1,71.8,75.4,01/11/2012
2012,12,1,Winter,9,2.6,10,95.8,58,01/12/2012
2013,1,1,Winter,6.5,2,13,50.1,34.5,01/01/2013
2013,2,1,Winter,6.7,1.2,4,32.8,64.9,01/02/2013
2013,3,1,Spring,6.9,1.2,11,52.8,62.3,01/03/2013
2013,4,1,Spring,13.5,4.7,3,34,162.8,01/04/2013
2013,5,1,Spring,16.4,7.7,0,41.8,163.3,01/05/2013
2013,6,1,Summer,20.3,11.2,0,11.6,157.5,01/06/2013
2013,7,1,Summer,27,15.2,0,25.2,268.2,01/07/2013
2013,8,1,Summer,24.3,14.3,0,32.6,198.7,01/08/2013
2013,9,1,Autumn,19.7,11.1,0,49.6,118.9,01/09/2013
2013,10,1,Autumn,17,10.6,0,81.4,89.6,01/10/2013
2013,11,1,Autumn,10.4,4.7,1,50,80.4,01/11/2013
2013,12,1,Winter,10.2,3.5,3,98.2,51.3,01/12/2013
2014,1,1,Winter,10,3.8,1,162.4,68.3,01/01/2014
2014,2,1,Winter,10.6,4.4,0,89.8,91.7,01/02/2014
2014,3,1,Spring,14.1,4.4,1,27.8,161.4,01/03/2014
2014,4,1,Spring,16.1,7.5,0,58,156.9,01/04/2014
2014,5,1,Spring,18,9.8,0,84.6,178.8,01/05/2014
2014,6,1,Summer,22.1,12.5,0,40.8,220.2,01/06/2014
2014,7,1,Summer,25.8,15,0,50,246.4,01/07/2014
2014,8,1,Summer,21.7,12.7,0,97.6,183.6,01/08/2014
2014,9,1,Autumn,21.5,12.8,0,10.8,134.6,01/09/2014
2014,10,1,Autumn,17.6,11,0,76,103.8,01/10/2014
2014,11,1,Autumn,12.5,6.9,1,128.4,51.1,01/11/2014
2014,12,1,Winter,9.2,3,7,37.8,71.6,01/12/2014
2015,1,1,Winter,8.8,1.6,10,63.4,62,01/01/2015
2015,2,1,Winter,8,1.8,8,38.6,63.9,01/02/2015
2015,3,1,Spring,11.6,4.1,1,24,140.7,01/03/2015
2015,4,1,Spring,16.3,6,0,16.2,212.1,01/04/2015
2015,5,1,Spring,17.6,8.8,0,41.6,189,01/05/2015
2015,6,1,Summer,22.2,11.4,0,12.2,197,01/06/2015
2015,7,1,Summer,23.7,13.8,0,71.8,189.7,01/07/2015
2015,8,1,Summer,22.2,14.1,0,116.8,134.1,01/08/2015
2015,9,1,Autumn,18.6,10.2,0,50,162.3,01/09/2015
2015,10,1,Autumn,15.8,9.3,0,39.8,94.2,01/10/2015
2015,11,1,Autumn,13.4,8,2,48.2,27.7,01/11/2015
2015,12,1,Winter,13.7,8.9,0,39.4,35,01/12/2015
2016,1,1,Winter,9.5,3,5,74.8,54.8,01/01/2016
2016,2,1,Winter,9.4,2.9,5,43.8,86.8,01/02/2016
2016,3,1,Spring,10.7,3.2,3,72.8,123.3,01/03/2016
2016,4,1,Spring,13.5,4.9,0,47.2,170,01/04/2016
2016,5,1,Spring,19,9.7,0,60.4,192.7,01/05/2016
2016,6,1,Summer,20.7,12.7,0,93.4,101.7,01/06/2016
2016,7,1,Summer,24,14.5,0,16,182.8,01/07/2016
2016,8,1,Summer,24.7,14.6,0,21.6,201.4,01/08/2016
2016,9,1,Autumn,22.4,13.7,0,42.2,122.1,01/09/2016
2016,10,1,Autumn,15.9,8.7,0,21.6,105.6,01/10/2016
2016,11,1,Autumn,10.5,3.8,3,86.4,77.4,01/11/2016
2016,12,1,Winter,10.2,3.4,7,10.4,55.1,01/12/2016
2017,1,1,Winter,7.6,0.7,15,60.2,64.5,01/01/2017
2017,2,1,Winter,10,4.4,1,38.2,47.8,01/02/2017
2017,3,1,Spring,14.1,6.6,0,25.8,116.3,01/03/2017
2017,4,1,Spring,15.8,5.9,0,4.6,186.2,01/04/2017
2017,5,1,Spring,19.8,10.4,0,64.8,164.8,01/05/2017
2017,6,1,Summer,24,13.9,0,46.4,204.3,01/06/2017
2017,7,1,Summer,23.8,14.9,0,90,178,01/07/2017
2017,8,1,Summer,22,13.5,0,58.6,174.9,01/08/2017
2017,9,1,Autumn,19.2,11,0,59,120.1,01/09/2017
2017,10,1,Autumn,17.1,10.3,0,9.2,84.6,01/10/2017
2017,11,1,Autumn,11.1,4.5,2,34.2,66.7,01/11/2017
2017,12,1,Winter,8.7,2.9,7,81.2,43.8,01/12/2017
2018,1,1,Winter,9.7,3.8,1,58,46.5,01/01/2018
2018,2,1,Winter,6.7,0.6,12,29,92,01/02/2018
2018,3,1,Spring,9.8,3,6,81.2,70.3,01/03/2018
2018,4,1,Spring,15.5,7.9,0,65.2,113.4,01/04/2018
2018,5,1,Spring,20.8,9.8,0,58.4,248.3,01/05/2018
2018,6,1,Summer,24.2,13.1,0,0.4,234.5,01/06/2018
2018,7,1,Summer,28.3,16.4,0,14.8,272.5,01/07/2018
2018,8,1,Summer,24.5,14.5,0,48.2,182.1,01/08/2018
2018,9,1,Autumn,20.9,11,0,29.4,195,01/09/2018
2018,10,1,Autumn,16.5,8.5,1,61,137,01/10/2018
2018,11,1,Autumn,12.2,5.8,1,73.8,72.9,01/11/2018
2018,12,1,Winter,10.7,5.2,2,60.6,40.3,01/12/2018
2019,1,1,Winter,7.6,2,9,33.2,56.4,01/01/2019
2019,2,1,Winter,12.4,3.3,3,34.2,120.2,01/02/2019
2019,3,1,Spring,13.1,5.8,0,49.6,119,01/03/2019
2019,4,1,Spring,15.8,5.7,1,12.8,170.1,01/04/2019
2019,5,1,Spring,18.6,8.4,0,36,176.3,01/05/2019
2019,6,1,Summer,21.8,11.9,0,81.8,170.1,01/06/2019
2019,7,1,Summer,25.5,14.9,0,50.8,194.5,01/07/2019
2019,8,1,Summer,25.2,14.1,0,33.6,201.2,01/08/2019
2019,9,1,Autumn,21.2,11.8,0,63,156.8,01/09/2019
2019,10,1,Autumn,15.5,8.6,0,92.8,74,01/10/2019
2019,11,1,Autumn,10.3,4.3,3,74.8,51.3,01/11/2019
2019,12,1,Winter,10.2,4,3,89.6,56.2,01/12/2019
2020,1,1,Winter,10.1,4.7,4,47.6,50.3,01/01/2020
2020,2,1,Winter,11.1,4.3,1,99.8,62,01/02/2020
2020,3,1,Spring,12,3.9,1,42.8,148,01/03/2020
2020,4,1,Spring,18.2,6.5,1,38.2,235.4,01/04/2020
2020,5,1,Spring,21.1,9.1,0,2,308.6,01/05/2020
2020,6,1,Summer,22.5,12.6,0,54,174.9,01/06/2020
2020,7,1,Summer,23.8,13.4,0,35.2,171.2,01/07/2020
2020,8,1,Summer,25.6,15.6,0,58.2,161.8,01/08/2020
2020,9,1,Autumn,21.6,11.2,0,20,168.9,01/09/2020
2020,10,1,Autumn,15.1,8.8,0,142.2,51.6,01/10/2020
2020,11,1,Autumn,12.7,6.2,2,50.2,44.6,01/11/2020
2020,12,1,Winter,8.5,3.5,7,72.4,36.5,01/12/2020
2021,1,1,Winter,7,1.3,12,96.6,29.4,01/01/2021
2021,2,1,Winter,9.1,3.1,7,36.4,57.9,01/02/2021
2021,3,1,Spring,12.1,4.1,1,24.6,91.4,01/03/2021
2021,4,1,Spring,13.1,2.9,5,7.2,202.6,01/04/2021
2021,5,1,Spring,16.5,7.2,0,84.6,131.9,01/05/2021
2021,6,1,Summer,22.5,13.3,0,88.2,159.6,01/06/2021
2021,7,1,Summer,24.2,14.9,0,61.2,171.1,01/07/2021
2021,8,1,Summer,21.9,13.4,0,42.2,95.6,01/08/2021
2021,9,1,Autumn,22.3,13.3,0,52.4,124,01/09/2021
2021,10,1,Autumn,16.9,9.7,0,87.6,84.2,01/10/2021
2021,11,1,Autumn,11.4,4.5,3,10.2,67.8,01/11/2021
2021,12,1,Winter,10.1,5.3,3,71.2,21.1,01/12/2021
2022,1,,Winter,8.9,1.9,9,17.2,67.1,01/01/2022
2022,2,,Winter,11.3,4,3,49.6,78.4,01/02/2022
2022,3,,Spring,13.2,4.9,1,31.4,157.2,01/03/2022
2022,4,,Spring,16.1,5.7,1,16.4,167.2,01/04/2022
2022,5,,Spring,20.2,10.1,0,34.2,155.3,01/05/2022
2022,6,,Summer,23.2,11.9,0,24,212.2,01/06/2022
2022,7,,Summer,27.2,15.5,0,7.6,221.1,01/07/2022
2022,8,,Summer,27,15.9,0,54.4,234.3,01/08/2022
2022,9,,Autumn,20.2,11.8,0,86,119.1,01/09/2022
2022,10,,Autumn,18.3,10.4,0,81.4,132.8,01/10/2022
2022,11,,Autumn,13.2,7.6,0,123.8,69.9,01/11/2022
2022,12,,Winter,7.9,1.7,11,51.6,56.4,01/12/2022
2023,1,,Winter,9,2.5,10,66.2,68.2,01/01/2023
2023,2,,Winter,10.8,3.4,6,4.2,81.3,01/02/2023
2023,3,,Spring,11.5,5.2,1,92.4,60.2,01/03/2023
2023,4,,Spring,14.6,5.9,0,65.8,151.1,01/04/2023
2023,5,,Spring,18.6,9.3,0,38.4,196.6,01/05/2023
2023,6,,Summer,25.3,13.5,0,56.8,250.2,01/06/2023
2023,7,,Summer,22.9,14,0,61.4,150.1,01/07/2023
2023,8,,Summer,23,13.8,0,53,171.1,01/08/2023
2023,9,,Autumn,24.4,14.7,0,59.4,167.9,01/09/2023
2023,10,,Autumn,18.1,10.2,0,116.8,112.9,01/10/2023
2023,11,,Autumn,11.8,5.4,3,78.4,74.9,01/11/2023
2023,12,,Winter,10.9,5.9,3,76.4,21,01/12/2023
