ID	logFC	AveExpr	adj.P.Val
DN100238_c0_g1	5.180194611	-2.653788524	6.2e-22
DN107328_c0_g1	3.03194878	-3.45228604	1.13e-10
DN11751_c0_g1	-2.006680963	6.591685719	1.5e-11
DN12336_c0_g1	-2.093149018	-2.289754159	3.17e-05
DN13800_c0_g2	1.653678755	-2.817788469	0.000703874
DN14149_c0_g2	-1.251451769	0.445640674	0.004897789
DN15819_c0_g1	1.619473574	-3.722094579	0.000823386
DN16065_c0_g1	1.742436068	-3.433921994	0.000206479
DN16215_c0_g1	2.152248772	-3.446822278	8.99e-09
DN16363_c0_g1	1.132132799	-3.691820686	0.007478289
DN16481_c0_g1	1.85533909	-1.814561323	3.19e-05
DN16481_c0_g2	1.727063974	-1.558475554	5.54e-05
DN1693_c0_g1	2.250338095	3.513444164	2.47e-09
DN17018_c0_g1	1.142987832	-3.741643683	0.005265851
DN17075_c0_g1	2.237140809	-2.208479329	2.69e-07
DN18511_c0_g1	2.70019725	-3.619737597	1.09e-06
DN19071_c0_g1	2.173782759	-3.093943904	0.000319668
DN19369_c0_g1	-1.509027489	4.726973441	1.29e-14
DN19379_c0_g2	1.301070744	-0.268267033	2.26e-06
DN19622_c0_g1	2.140959016	0.84136749	1e-10
DN19805_c0_g1	-2.07527863	-1.493277265	3.8e-06
DN19805_c0_g3	2.556436702	-2.92089461	1.36e-06
DN20009_c0_g2	-1.950615765	-0.044033457	1.16e-11
DN22480_c0_g1	-1.791359621	-1.380958869	4.41e-06
DN22631_c0_g1	1.316948137	-2.693614701	0.000717689
DN22766_c0_g1	1.884142829	-2.839179108	8.88e-05
DN23303_c0_g1	-1.084548769	-2.243498479	0.001732746
DN23494_c0_g1	-1.575559834	-2.968575545	0.000347323
DN23556_c0_g1	2.36724893	-2.708461365	1.71e-07
DN23672_c0_g1	-1.161521493	-2.574344621	0.004994448
DN23733_c0_g1	-1.255746824	-1.710769495	0.00036142
DN23821_c0_g2	-2.680648557	-3.039593078	8.53e-09
DN24060_c0_g1	1.252387412	-3.275931962	0.001279199
DN24439_c0_g1	2.574402782	-0.279415366	8.58e-14
DN24500_c0_g1	1.483668902	-3.110914181	0.000281061
DN24607_c0_g1	3.951075733	1.956730474	6.52e-17
DN24607_c0_g2	3.85403082	-3.204341669	3.33e-06
DN24628_c0_g1	1.324776215	-3.732199762	0.003830759
DN24651_c0_g1	-3.102319901	2.873823263	1.75e-19
DN24670_c0_g2	-1.396535151	-2.226457064	0.001586046
DN24971_c0_g1	2.08179446	-3.837468225	6.32e-07
DN25299_c0_g1	3.270195093	-1.374488688	2.07e-11
DN25378_c0_g1	1.710813917	-3.007585085	2.91e-06
DN25398_c0_g1	1.431533694	-3.385828057	0.005017305
DN25408_c0_g1	5.584493804	-1.978074845	7.1e-19
DN25972_c0_g1	1.762443088	-3.772670972	0.000136531
DN25972_c0_g2	1.82038617	-3.508795963	0.000212943
DN26284_c0_g1	3.762291051	-0.884258277	6.43e-13
DN26284_c0_g2	3.630216403	0.789014842	5.88e-18
DN26371_c0_g1	-4.102739199	-0.81112322	2.01e-11
DN26499_c0_g2	1.58329466	-4.232308153	3.78e-05
DN26538_c0_g1	2.888057952	-0.943496843	6.4e-09
DN26538_c0_g2	2.900317983	2.525097006	1.31e-18
DN26955_c0_g1	-2.209058557	-1.224346413	1.03e-07
DN27024_c0_g1	1.708802251	-2.550497472	0.002754251
DN27152_c0_g1	1.454192011	-3.167477905	0.000838493
DN27203_c0_g1	-1.022404339	-1.173709111	0.000649164
DN27352_c0_g1	-1.440129098	-2.429590163	0.001788468
DN27352_c1_g1	-1.256463637	-2.827115969	0.009575162
DN27805_c0_g1	-1.298522009	-2.92702399	0.005761275
DN27955_c0_g1	1.016113865	2.653208229	1.7e-13
DN27970_c0_g1	-2.144760348	-1.858877424	4.31e-07
DN28153_c0_g1	-1.546481974	-2.452804628	0.000181401
DN28192_c0_g1	1.816877589	-0.682425071	6.98e-06
DN28761_c0_g1	1.425274675	-2.430049452	0.000907003
DN28843_c0_g1	1.559274203	-0.79189557	3.1e-08
DN29094_c0_g1	4.941161467	-1.722653101	1.11e-05
DN29161_c0_g1	-1.284592734	2.696426543	1.58e-10
DN29414_c0_g1	-3.559299554	2.63201411	3.89e-18
DN29580_c0_g1	-1.887870957	0.693308941	3.97e-11
DN29588_c0_g1	-1.30467165	-1.554532937	0.002363847
DN29954_c0_g1	1.788639428	-2.40215586	0.000168563
DN30304_c0_g1	1.740546002	-3.56604175	0.000790939
DN30645_c0_g1	1.325165567	-3.152197577	0.003812123
DN30652_c0_g1	1.386786554	-3.849310359	0.00436159
DN30773_c0_g1	1.438309625	-3.485976643	0.009628719
DN30864_c0_g1	2.394420503	2.326649956	0.000312568
DN30905_c0_g2	1.456703671	-3.913223007	0.000410024
DN30938_c0_g1	1.430486728	-1.669843965	3.67e-05
DN30944_c0_g3	1.286058201	-3.513656577	0.009064157
DN30961_c0_g1	-1.32685666	-1.615413683	0.000874462
DN30979_c0_g1	3.464084877	-3.1952008	3.89e-13
DN31153_c0_g1	-1.517656644	-2.428930955	0.001328096
DN31206_c0_g1	1.123749075	3.138118565	8.27e-05
DN31228_c0_g1	1.197550854	-3.752393514	0.002887977
DN31289_c0_g1	1.730830542	-3.211909165	0.00020043
DN31326_c0_g1	1.345828521	-3.924723633	0.004012129
DN31380_c0_g1	1.963197065	-0.352376242	3.81e-11
DN31422_c0_g1	-1.177694491	-2.699693441	0.002198811
DN31447_c0_g1	1.22571361	-3.543840134	0.007206846
DN31563_c0_g1	-6.487809991	2.652804988	9.13e-18
DN31640_c0_g1	1.015585358	0.165028131	2.55e-06
DN31653_c0_g1	-1.519254842	-3.448635634	0.00196536
DN31653_c0_g2	-2.74802967	-2.4923545	1.59e-07
DN31761_c0_g1	-4.282591587	-0.265792618	1.34e-06
DN31761_c0_g2	-3.24901659	-0.401405168	6.28e-05
DN31848_c0_g1	2.565191779	-3.23528053	2.68e-08
DN31908_c0_g2	-1.53161157	-1.890688736	0.000132537
DN31913_c0_g1	10.06062736	-0.42631788	3.25e-07
DN31938_c0_g2	1.405625795	-1.254325598	7.22e-05
DN31946_c0_g1	-1.769538515	-2.657078604	0.000263556
DN31955_c0_g1	-1.50057694	-1.406460431	5.61e-06
DN31967_c0_g1	1.294693036	-3.661547258	0.004738313
DN31971_c0_g1	-3.606860334	-1.755303345	1.71e-11
DN32020_c0_g1	1.307148332	-2.486417163	0.0009147
DN3216_c0_g1	-1.057842482	1.026395392	4.12e-05
DN32371_c1_g1	1.718089368	-3.763166904	7.17e-05
DN32566_c0_g1	-1.189885273	-0.49020016	1.39e-06
DN32641_c0_g1	-1.223651363	0.988130795	1.51e-07
DN32665_c0_g1	1.329760802	-2.953039723	0.009249183
DN32709_c0_g1	-1.596278858	-1.911351062	0.000905708
DN32815_c0_g1	1.100514311	-2.421588071	0.007705255
DN32836_c0_g2	1.8000554	-0.453427828	2.89e-11
DN32845_c0_g1	3.783846323	-1.19333583	1.49e-05
DN32845_c0_g3	2.277460647	4.975005838	4.32e-09
DN32912_c0_g1	-1.763615811	-0.752173674	0.000252386
DN32977_c0_g1	1.354930354	-3.869420218	0.000664109
DN32985_c0_g1	1.898304519	-0.966426292	2.19e-10
DN33068_c0_g1	1.036350423	0.458556401	3.74e-10
DN33094_c0_g1	-1.47055115	-2.059635446	0.004083917
DN33141_c0_g1	1.185251115	-2.65938513	0.005035971
DN33149_c0_g1	-1.614897189	-0.64151386	1.2e-06
DN33195_c0_g1	2.590940239	-0.075311341	5.29e-16
DN33318_c0_g1	3.502065932	-3.417473538	7.04e-06
DN33318_c0_g2	4.848455671	-2.780752941	8.55e-08
DN33351_c0_g1	-1.93837791	-0.314961756	9.13e-08
DN3337_c0_g1	-1.895494305	-0.744803283	0.0017913
DN33404_c0_g1	-5.261403892	1.891205651	6.45e-10
DN33411_c0_g1	1.405777961	-3.815216412	0.000327569
DN33482_c0_g1	9.172199405	-1.308212091	9.69e-08
DN33482_c0_g2	NA	NA	NA
DN33482_c0_g3	8.918607444	-1.5152054	1.04e-07
DN33583_c0_g1	1.29850262	-0.903540246	5.73e-05
DN33654_c0_g1	-1.52473929	-3.053514603	0.00298404
DN33750_c0_g1	-3.108714729	-2.225504371	3.85e-07
DN33772_c0_g1	NA	NA	NA
DN33789_c0_g1	1.09136711	3.045450272	0.000626893
DN33836_c0_g1	2.760332555	-2.286806057	1.51e-06
DN33870_c0_g1	4.052194643	-1.573620465	3.06e-12
DN33907_c0_g1	3.079497278	-2.333918515	2.05e-08
DN33934_c0_g1	4.296473529	-1.730506577	5.23e-16
DN33946_c0_g1	1.630108213	4.106796915	2.24e-13
DN33976_c0_g1	-1.249404942	-1.051409613	0.006590446
DN33976_c0_g2	-1.875160887	-2.225090364	0.000238688
DN33998_c0_g1	2.513478285	1.015668309	2.1e-07
DN34011_c0_g1	-5.03811379	2.68042196	4.99e-22
DN34032_c0_g1	-2.077531315	2.105230607	9.85e-07
DN34234_c0_g1	1.562208873	-3.596393404	0.00810905
DN34272_c1_g2	1.137625829	-3.974456287	0.008907929
DN34288_c0_g2	-2.841606714	1.588057117	1.11e-13
DN34352_c0_g1	-2.255509017	-2.47893613	9.91e-06
DN34399_c0_g1	1.277291604	-3.795947603	0.004603159
DN34450_c0_g1	-1.436204391	-1.192880758	0.000424916
DN34526_c0_g1	2.475955551	-3.334044166	7.73e-08
DN34554_c0_g1	-4.991499035	1.234569893	1.58e-15
DN34593_c0_g1	1.951605949	-0.899169662	2.48e-10
DN34662_c0_g1	1.438655469	-3.593120435	0.001463951
DN34734_c0_g1	-1.782584875	-1.668020672	7.69e-05
DN34777_c0_g1	2.433737599	-3.269437186	5.13e-06
DN34777_c0_g2	2.907830511	-3.15533903	3.59e-11
DN34780_c0_g1	1.878631629	-2.070182968	0.000477292
DN34793_c0_g1	-2.092134363	-1.412738964	1.46e-07
DN34879_c0_g1	-1.868573258	-3.021462961	2.4e-05
DN34879_c0_g2	-2.820203139	0.65719304	2.24e-13
DN34885_c0_g1	-1.526379265	3.104259894	2.11e-16
DN34901_c0_g1	-1.242097261	-2.176253938	0.001737991
DN34993_c0_g1	-2.683968025	2.357195125	2.03e-17
DN35030_c0_g1	1.472902929	-0.877554381	6.76e-07
DN35034_c0_g1	2.172531581	-0.067919486	2.42e-16
DN35037_c0_g1	1.110434888	-1.577884173	0.003104851
DN35093_c0_g1	2.480758215	-1.11089831	4.61e-09
DN35093_c0_g2	2.585469335	-1.66189746	7.51e-08
DN35098_c0_g1	-1.000431555	-2.329104855	0.005838102
DN35145_c0_g1	1.168450976	-2.044435087	0.003764223
DN35153_c0_g1	3.97409561	-3.531554804	4.93e-09
DN35154_c0_g1	-1.357989154	4.278561407	4.68e-20
DN35163_c0_g1	NA	NA	NA
DN35189_c0_g1	2.58458792	2.522953021	2.6e-07
DN35229_c0_g1	-1.379549414	-1.380133769	0.002174818
DN35291_c0_g1	-2.019543468	-0.41746914	1.68e-06
DN35334_c0_g1	1.289648756	-2.929303506	0.005893337
DN35433_c0_g1	-1.305645248	-2.55235883	0.000645664
DN35477_c0_g1	3.507473592	3.665465252	4.21e-10
DN35556_c0_g1	1.833094893	0.688967913	3.64e-14
DN35600_c0_g1	4.898855968	-2.000805856	6.04e-18
DN35616_c0_g1	-3.525745996	-2.706689783	1.62e-15
DN35694_c0_g1	-1.574866367	-0.575767902	7.53e-06
DN35715_c0_g1	1.244978367	-2.876508598	0.00422475
DN35717_c0_g1	-1.954471984	0.655895383	4.14e-08
DN35758_c0_g1	3.154019526	-2.415082635	1.76e-08
DN35798_c0_g1	-1.772474385	3.575600757	1.58e-08
DN35813_c0_g1	1.84890477	-1.211230325	8.39e-08
DN35917_c0_g1	1.031757706	4.974484181	0.00041303
DN35931_c0_g1	1.998181524	-2.908077822	6.48e-05
DN35978_c0_g1	1.201330268	4.486046373	1.97e-16
DN36021_c0_g1	-2.260391104	-1.165739948	3.82e-07
DN36044_c0_g1	-2.562095143	-0.0228684	1.93e-06
DN36047_c0_g1	1.999429265	-2.445078594	0.000340699
DN36047_c1_g1	2.409978055	-3.509438843	6.02e-07
DN36052_c0_g1	1.640568629	-0.963498714	4.52e-06
DN36061_c0_g1	1.803918804	-1.193571637	6.74e-06
DN36065_c0_g1	-1.380635566	-1.705310133	0.000559285
DN36066_c0_g1	-1.103412482	-0.255763379	5.87e-06
DN36070_c0_g1	-5.366061994	1.590284739	1.26e-08
DN36098_c0_g1	-2.03170369	1.530694522	2.63e-14
DN36178_c0_g1	4.468224892	-3.167161392	2.69e-16
DN36205_c0_g1	-2.361470688	-2.861004693	2.14e-05
DN36245_c0_g1	100	-3.822416064	0.000745788
DN36317_c0_g2	2.917297975	0.691367094	1.31e-13
DN36342_c0_g1	-3.985115767	-0.092650082	3.05e-15
DN36344_c0_g1	1.08787536	-1.447052259	0.001551877
DN36507_c0_g1	-3.505495907	-0.375573324	5.18e-07
DN36589_c0_g1	6.647988199	-2.508388782	9.83e-13
DN36589_c0_g2	10.11689167	-0.619325312	1.98e-07
DN36645_c0_g2	1.819716267	-3.614556421	0.000866951
DN36721_c0_g1	1.620432274	-3.81773329	0.000655052
DN36729_c0_g1	-1.042961676	0.961154042	1.48e-08
DN36732_c0_g1	-1.829714358	5.219962298	1.24e-20
DN36739_c0_g1	3.737238209	-1.121955048	9.3e-19
DN36755_c0_g1	-2.816309402	0.270732527	4.08e-11
DN36788_c0_g3	-1.220706793	-0.51796369	2.67e-05
DN36864_c0_g1	-2.213004638	0.575401572	4.45e-10
DN36870_c0_g1	1.725989818	-2.267762802	0.000174115
DN36976_c0_g1	1.156142045	4.43044576	9.56e-15
DN36982_c0_g2	1.472650665	-3.580818681	0.004307694
DN37001_c0_g1	1.542875561	0.780201833	2.16e-15
DN37041_c0_g2	-1.072747622	-1.366578195	0.000856969
DN37041_c0_g3	-1.340263908	-1.884389496	0.001461094
DN37060_c0_g1	1.572465442	3.520226735	1.61e-05
DN37099_c0_g1	1.684621965	4.940483862	4.08e-16
DN37108_c0_g2	-3.187851176	3.292484233	1.05e-13
DN37108_c0_g3	-2.612606518	-1.778482311	1.69e-06
DN37116_c0_g2	1.068467608	3.535390753	2.69e-10
DN37117_c0_g1	7.964507694	-1.977365228	3.72e-09
DN37117_c0_g2	9.493157441	-1.285659561	5.15e-08
DN37117_c0_g3	8.574357418	-1.546813452	6.63e-08
DN37117_c0_g4	7.215263073	-2.22539752	1.36e-10
DN37126_c0_g1	3.564333032	1.067673511	1.63e-14
DN37145_c0_g1	-1.587167199	1.963156832	5.58e-09
DN37221_c0_g1	1.501565675	-2.617761994	0.002054463
DN37234_c0_g2	2.749791041	-2.497989539	8.04e-10
DN37314_c1_g2	2.413742781	-3.322625809	8.98e-07
DN37347_c0_g1	3.681957838	-2.566881477	1.11e-11
DN37430_c0_g1	1.612772224	-1.658903008	0.001122341
DN37445_c0_g1	8.974707228	-1.42365913	2.08e-07
DN37445_c0_g2	9.365202766	-1.108652368	4.94e-08
DN37450_c0_g1	-1.388875143	-2.648669965	0.002401011
DN37461_c0_g1	-1.094409074	-1.274021382	0.000289798
DN37481_c0_g1	1.047948735	2.990781053	3.45e-09
DN37521_c0_g1	2.266650698	-2.795903283	1.41e-06
DN37527_c0_g2	-1.425110294	-0.753957763	0.000132774
DN37556_c0_g1	2.058200867	-1.612070814	1.06e-08
DN37614_c0_g1	1.235471393	0.25214047	6.17e-06
DN37616_c0_g2	-1.585353465	-1.690775273	9.6e-05
DN37636_c0_g1	1.788322607	-3.130600224	0.000782417
DN37669_c0_g1	1.095821832	3.582739571	1.67e-06
DN37684_c0_g1	1.487017002	-0.672532834	7.26e-05
DN37692_c0_g1	1.725186519	2.01225113	7.07e-05
DN37693_c0_g1	-2.301053937	-0.665299505	6.92e-09
DN37707_c0_g1	1.523483892	0.31251061	5.66e-13
DN37721_c0_g1	1.573697179	-0.7442527	3.23e-06
DN37739_c0_g1	1.124513727	0.306805162	8.09e-06
DN37741_c0_g1	1.424832184	2.74767838	1.45e-16
DN37781_c0_g1	-4.821986304	-0.996545677	5.95e-14
DN37816_c0_g1	2.725563043	-3.272746303	3.02e-07
DN37825_c0_g1	-1.733170869	0.273914266	8.07e-12
DN37834_c0_g1	2.466955265	-3.759884468	1.79e-07
DN37849_c0_g1	-2.15528413	8.944223196	2.15e-19
DN37890_c0_g1	-2.641378255	-0.53608577	8.64e-10
DN37916_c0_g1	3.240763597	-0.59382379	2.09e-10
DN37921_c0_g1	-5.716963829	3.660528951	4.46e-10
DN37994_c0_g1	-1.021103292	-1.911455546	0.003267507
DN38006_c0_g1	-3.039662214	-2.559593272	8.04e-09
DN38017_c0_g1	NA	NA	NA
DN38044_c0_g1	-1.212989119	-1.46590865	7.53e-05
DN38046_c0_g1	-1.562618363	-3.295051517	0.00093734
DN38056_c0_g1	1.006822035	0.349609982	0.0001269
DN38066_c0_g1	-1.196102933	-1.481334299	0.002223689
DN38106_c0_g2	1.669351274	-0.489759118	4.33e-07
DN38142_c0_g1	-1.693499455	-1.188768848	1.47e-06
DN38153_c0_g1	1.298542148	-0.160082247	0.000137013
DN38162_c0_g1	1.923874161	-3.553369401	8.33e-05
DN38163_c0_g1	1.466008652	-3.290960046	0.002396291
DN38166_c0_g1	-3.292516622	-2.612461557	1.84e-11
DN38194_c0_g1	2.95015657	-1.960305915	6.2e-09
DN38225_c0_g1	3.03021087	-2.887414014	1.89e-07
DN38248_c1_g2	1.548875515	2.056515133	5.28e-12
DN38258_c0_g1	4.950704462	-1.366835393	1.04e-19
DN38315_c0_g1	-1.578696707	1.367379329	5.29e-10
DN38336_c0_g1	-1.024265259	0.73550901	4.1e-06
DN38376_c0_g1	1.032885191	-1.887435868	0.000338698
DN38391_c0_g1	-1.667258511	1.897785959	5.93e-17
DN38425_c0_g1	-1.168587976	-1.551358711	0.001899632
DN38460_c0_g1	1.820460793	-2.43305208	0.000828084
DN38477_c0_g1	2.163631385	-0.682779225	5.53e-09
DN38560_c0_g1	1.520644521	-1.206886954	9.07e-07
DN38591_c0_g1	-2.17193069	-0.309769004	8.25e-10
DN38648_c0_g1	-1.65730005	2.123582318	1.27e-09
DN38654_c0_g1	1.565215894	-2.784251131	0.005312097
DN38660_c0_g1	-1.150056826	-1.516712079	0.005947742
DN38662_c0_g1	3.115605502	3.862315945	1.1e-13
DN38664_c0_g1	1.443771716	-3.431743326	0.004194365
DN38676_c0_g1	-1.089261242	-1.334024161	0.001450297
DN38712_c0_g1	1.490497043	-1.289030037	0.00106911
DN38731_c0_g1	-1.748524953	2.511017739	2.45e-09
DN38773_c0_g1	3.188831097	-1.00550659	3e-14
DN38792_c0_g1	-1.573059778	2.279648204	2.24e-06
DN38816_c0_g1	-3.071946655	1.125248522	1.13e-14
DN38826_c0_g1	1.512188677	5.01071345	9.13e-13
DN38857_c0_g1	1.253205586	4.595627756	1.39e-14
DN38864_c1_g1	1.31901829	-3.629814457	0.009981634
DN38872_c0_g1	-1.367016698	1.822055197	1.54e-14
DN38881_c0_g1	1.117511311	-1.133185869	0.000274529
DN38904_c0_g1	1.368759877	-3.789316425	0.001068545
DN38920_c0_g1	-6.056152396	3.605842942	2.89e-11
DN38920_c0_g2	-5.229118186	3.129395095	8.52e-09
DN38923_c0_g1	1.662987715	1.218240866	7.52e-13
DN38936_c0_g1	-1.104814829	2.681877219	8.24e-09
DN38972_c0_g1	-1.683417852	-0.438108336	2.81e-08
DN38977_c0_g1	1.503272535	-0.118932328	1.72e-07
DN3905_c0_g2	3.783417462	-2.558490219	1.35e-12
DN39072_c0_g1	-4.280814213	1.16291729	1.22e-15
DN39139_c0_g1	2.118556955	1.614692089	1.14e-08
DN39147_c0_g1	3.005232185	0.578868081	1.16e-14
DN39148_c0_g1	-1.01148529	1.514666579	2.8e-06
DN39179_c0_g1	-1.041163212	-1.263962471	0.00307436
DN39192_c0_g1	2.708744308	2.926606039	7.8e-13
DN39212_c0_g1	-3.255164435	2.752379042	4.39e-21
DN39241_c0_g1	1.117164471	1.397323247	0.000342249
DN39241_c1_g2	1.276011626	-2.530475227	0.000582156
DN39246_c0_g1	-2.140328349	-2.964395861	4.66e-05
DN39247_c0_g2	2.401036233	-2.128596098	5.4e-07
DN39250_c0_g1	-1.984269716	3.41322329	4.04e-13
DN39264_c0_g1	3.348079551	-0.255745709	9.87e-16
DN39268_c1_g1	2.179693111	-0.966990746	1.29e-09
DN39315_c0_g1	1.186406191	-0.24931043	1.06e-06
DN39324_c0_g1	1.440666837	5.330449422	9.31e-05
DN39333_c0_g1	-1.566546273	-1.505681404	2.1e-05
DN39338_c0_g1	1.184089299	0.321146974	2.05e-09
DN39352_c0_g1	2.172301493	-1.223632239	1.12e-07
DN39356_c0_g2	-1.083235225	1.364480031	3.31e-05
DN39436_c0_g1	-1.812761735	0.470025676	0.000387457
DN39540_c0_g1	2.452736268	-1.547483475	2.17e-09
DN39542_c0_g1	-1.245285803	-1.101635874	6.48e-05
DN39634_c0_g2	-1.320359285	-3.327147706	0.001947472
DN39644_c0_g1	-1.069709185	0.377697038	6.08e-05
DN39663_c0_g1	-2.113528891	1.557858778	8.02e-08
DN39665_c0_g1	1.138164692	-1.384890806	0.001689071
DN39680_c0_g1	3.685533015	2.547661367	6.28e-15
DN39686_c0_g1	-1.012867969	-0.995837456	0.001620072
DN39713_c0_g1	-2.972359443	-2.231104401	8.03e-06
DN3972_c0_g1	4.073040391	2.231813777	4.1e-18
DN3972_c0_g2	4.247179684	-0.028920146	4.43e-10
DN39774_c0_g1	1.007938604	1.761163475	1.54e-05
DN39777_c0_g1	1.290507336	-1.651816189	0.001409631
DN39777_c0_g2	2.076358858	-0.828720907	8.78e-09
DN39793_c0_g1	-1.20195025	1.206754601	2.26e-06
DN39813_c0_g1	3.434232717	1.583725254	1.6e-21
DN39844_c0_g1	2.017633614	6.970266136	7.27e-09
DN39887_c0_g1	-3.417355205	4.57118344	1.82e-25
DN39892_c0_g1	-2.657643929	-0.240099951	5.43e-08
DN39911_c0_g1	-2.167164577	0.966066658	9.51e-14
DN39928_c0_g1	-1.193003985	3.536080725	3.6e-12
DN39937_c0_g1	-1.416967276	-1.500888723	0.000117055
DN39945_c0_g2	2.925369841	-3.127838094	4.01e-10
DN39953_c0_g1	2.093009119	6.785005468	1.02e-19
DN39969_c0_g1	-1.213509783	2.181827575	5.45e-12
DN39972_c0_g1	1.394178804	-2.249729256	0.003997713
DN39976_c0_g1	1.354519817	0.862643466	7.95e-07
DN39985_c0_g1	1.720835995	0.207874977	6.58e-09
DN40001_c0_g1	3.795669765	-0.412973905	2.29e-10
DN40017_c0_g1	-1.482623433	6.31918892	2.76e-14
DN40036_c0_g1	-1.101079694	3.000642313	1.53e-13
DN40053_c0_g1	3.777259526	-2.789359375	4.47e-13
DN40090_c0_g1	-1.490655855	-0.06105904	2.15e-06
DN40100_c0_g1	1.084454879	1.296395793	1.96e-08
DN40103_c0_g2	-2.756844785	0.098169783	1.39e-09
DN40111_c0_g2	-1.668147807	0.972645559	6.84e-12
DN40112_c0_g1	-3.996607243	-0.786074833	9.38e-12
DN40152_c0_g1	NA	NA	NA
DN40166_c0_g1	-3.009617021	3.476050927	5.04e-22
DN40186_c0_g1	-1.194458789	4.271511018	6.98e-17
DN40210_c0_g1	-1.284560917	1.398061035	5.27e-07
DN40213_c0_g1	1.721058522	3.134618652	1.92e-15
DN40214_c0_g1	-2.59991086	1.174755152	3.93e-15
DN40228_c0_g1	-1.098120633	2.366650571	1.62e-14
DN40248_c0_g1	2.561333614	0.152219456	1.26e-15
DN40258_c0_g1	-3.768633953	3.104720052	4.47e-17
DN40272_c0_g1	1.725797273	1.136026409	2.12e-13
DN40279_c0_g1	1.745494196	1.713692819	2.69e-17
DN40282_c0_g1	-1.665484947	-0.755415515	1.45e-08
DN40316_c0_g1	-1.056839153	-1.791191459	0.001293002
DN40338_c0_g1	-1.450225098	-0.413291596	1.65e-07
DN40345_c0_g1	-3.066541062	1.76403788	2.65e-09
DN40345_c0_g2	-1.602850393	-2.964930776	0.001381749
DN40407_c0_g3	-1.420245775	-1.886055247	0.000395384
DN40425_c0_g1	-1.132251869	0.629232508	3.82e-07
DN40448_c0_g1	-1.452206658	3.319212937	2.37e-16
DN40449_c0_g1	1.467750542	-3.626325341	0.000538219
DN40469_c0_g1	3.96999111	0.586352876	1.48e-14
DN40482_c0_g1	-1.729932348	-3.517508101	0.000406443
DN40482_c1_g1	-1.431333689	-3.546579415	0.001280191
DN40488_c0_g1	1.21466449	-1.586432084	2.18e-05
DN40501_c0_g1	2.721420082	2.4618748	8.5e-09
DN40515_c0_g1	-2.831957926	0.569059889	5.2e-09
DN40547_c0_g1	-1.845554863	2.687889142	2.6e-16
DN40566_c0_g1	-1.088313839	-1.148912959	0.000760692
DN40585_c0_g1	-1.100914423	3.040744448	1.26e-11
DN40591_c2_g1	-1.639756502	-0.431492257	1.22e-07
DN40604_c0_g1	2.287041289	1.535892916	1.58e-12
DN40634_c0_g1	NA	NA	NA
DN40644_c1_g1	1.230042004	-0.929371009	0.003687864
DN40675_c0_g1	1.179381524	-0.186763154	6.32e-06
DN40683_c0_g1	-3.523884913	4.128171731	2.6e-27
DN40705_c0_g1	2.565933616	-0.971756235	5.95e-11
DN40751_c0_g1	-1.462740381	-2.301333638	0.000330291
DN40767_c0_g1	1.117269162	5.518869528	1.2e-16
DN40779_c0_g1	-2.024342413	1.914917017	5.61e-09
DN40788_c0_g1	1.042367894	0.02433655	0.00021557
DN40799_c0_g1	2.478383731	1.617895558	9.91e-11
DN40799_c1_g1	2.606986112	1.202198546	4.77e-10
DN40806_c0_g1	1.838355199	3.854641243	3.67e-17
DN40815_c0_g1	2.102652628	0.356130192	3.06e-07
DN40843_c0_g1	-2.048725612	0.285394118	4.85e-06
DN40847_c0_g1	1.517241263	0.678424598	0.000429176
DN40863_c0_g1	1.461376593	-0.252959527	1e-06
DN40890_c0_g1	-2.287568922	-0.81047072	1.51e-09
DN40913_c0_g1	-1.954203466	-1.303142714	1.5e-06
DN40918_c0_g1	1.488871685	2.41969609	4.19e-06
DN40938_c0_g1	1.48389587	-0.849398604	0.000818305
DN40952_c0_g1	1.403494067	-0.395045676	1.01e-08
DN41002_c0_g1	1.46482706	-2.611816811	0.002000084
DN41015_c0_g1	-1.00054555	-1.093136362	0.000451665
DN41028_c0_g1	1.719491969	2.640167015	1.8e-09
DN41030_c0_g1	-1.214833497	2.788001407	1.08e-06
DN41031_c0_g1	3.567789195	3.024875184	1.18e-15
DN41057_c0_g1	2.957772635	1.511820097	3.43e-17
DN41059_c0_g1	2.424530265	2.743755106	2.57e-06
DN41069_c0_g3	-2.825693862	-1.828883484	1.73e-09
DN41093_c0_g1	-2.304475284	1.365730005	0.00052151
DN41100_c0_g1	-1.234389566	-1.536644639	0.001482027
DN41125_c0_g1	-1.044280184	-0.850056377	0.000643924
DN41140_c0_g1	-3.251487154	1.558458406	2.1e-15
DN41152_c1_g1	1.53577296	-1.909366717	0.000101706
DN41154_c0_g1	-1.885984216	4.368765362	3.15e-07
DN41177_c0_g1	-1.037015478	3.643385042	0.002611675
DN41182_c0_g1	-1.603588293	3.733453475	5.05e-18
DN41185_c0_g1	1.722260293	-1.078172769	1.26e-07
DN41190_c0_g1	2.509692267	2.86431175	1.63e-05
DN41206_c0_g1	-2.264887241	0.352409131	1.86e-10
DN41208_c0_g1	-3.231606718	-1.566047755	5.67e-10
DN41217_c0_g1	-2.486730535	-2.269697666	7.01e-07
DN41217_c0_g2	-1.648512875	-2.79118648	0.000542479
DN41220_c0_g1	1.062877311	2.651137989	6.96e-12
DN41230_c0_g1	1.707753338	-1.760300995	4.43e-05
DN41231_c0_g1	1.000933211	3.438322962	6.46e-05
DN41232_c0_g2	-1.797164668	0.7772969	9.17e-09
DN41242_c0_g1	1.396827748	0.941989137	3.05e-05
DN41244_c0_g3	1.181536705	-3.463539098	0.008797728
DN41253_c0_g1	2.549811097	-3.530611631	3.47e-06
DN41260_c0_g1	-1.23371523	1.357495538	0.000439715
DN41261_c0_g1	1.101352903	2.773563119	4.16e-08
DN41270_c0_g1	-1.239643253	3.134089261	3.88e-09
DN41278_c0_g1	1.292689718	3.117542761	5.45e-17
DN41302_c0_g1	2.352334522	-1.162360274	7.64e-09
DN41316_c0_g1	2.876079122	0.37090345	1.35e-14
DN41322_c0_g1	-2.954305539	-0.845002817	6.55e-10
DN41361_c0_g1	2.166202683	5.248258008	6.4e-20
DN41368_c0_g1	-2.485003132	1.494240452	3.64e-13
DN41382_c0_g1	1.465985441	0.340622135	6.1e-07
DN41399_c0_g1	7.690747272	-1.388335993	3.23e-19
DN41409_c0_g1	1.633250101	-3.606157881	0.000624628
DN41420_c0_g1	-4.583434866	-1.804160773	2.45e-15
DN41428_c0_g2	1.457492466	-2.301878331	0.000306889
DN41435_c0_g1	-1.976844569	-0.044723992	8.98e-07
DN41443_c0_g1	-2.200957613	6.256992694	1.17e-22
DN41447_c0_g2	-1.037736373	1.113989231	7.49e-07
DN41461_c0_g1	-1.143323129	2.366076385	2.79e-09
DN41481_c0_g1	1.474624956	-0.476452427	3.22e-11
DN41521_c0_g1	-2.014271437	4.428000237	9.53e-07
DN41534_c0_g1	-1.991521817	-2.947410488	4.22e-05
DN41545_c0_g1	3.013368814	-2.388260369	8.12e-14
DN41566_c0_g4	1.343994136	-3.583958468	0.002904303
DN41577_c0_g1	1.64163549	-0.594799255	6.58e-09
DN41585_c0_g1	-1.041131008	-0.383966368	0.000104042
DN41589_c0_g1	3.126977509	1.197496054	4.71e-09
DN41595_c0_g1	1.180637796	1.083830563	9.49e-06
DN41610_c0_g1	1.219773198	-3.07633724	0.005148814
DN41614_c0_g1	4.934953431	3.76821009	2e-17
DN41644_c0_g1	-1.604666322	-0.628243018	3.21e-05
DN41648_c0_g1	1.065432935	0.767960713	3.33e-08
DN41669_c0_g1	-2.518364316	4.065703331	1.96e-19
DN41676_c0_g1	-1.093337705	-0.10287059	1.12e-05
DN41683_c0_g1	1.208965017	-2.545821452	0.003395376
DN41684_c0_g1	1.407593418	6.730380815	3.06e-06
DN41730_c0_g1	-1.813619775	-1.682071507	0.000253298
DN41731_c0_g1	-1.735564508	1.696748701	4.53e-08
DN41733_c1_g1	-4.390846682	0.453960443	1.46e-14
DN41738_c0_g1	-4.06860729	-1.047262375	9.01e-12
DN41738_c1_g2	2.247534612	-0.226830641	1.37e-07
